-- MySQL dump 10.16  Distrib 10.1.31-MariaDB, for Win32 (AMD64)
--
-- Host: localhost    Database: aoe_system
-- ------------------------------------------------------
-- Server version	10.1.31-MariaDB

/*!40101 SET @OLD_CHARACTER_SET_CLIENT=@@CHARACTER_SET_CLIENT */;
/*!40101 SET @OLD_CHARACTER_SET_RESULTS=@@CHARACTER_SET_RESULTS */;
/*!40101 SET @OLD_COLLATION_CONNECTION=@@COLLATION_CONNECTION */;
/*!40101 SET NAMES utf8 */;
/*!40103 SET @OLD_TIME_ZONE=@@TIME_ZONE */;
/*!40103 SET TIME_ZONE='+00:00' */;
/*!40014 SET @OLD_UNIQUE_CHECKS=@@UNIQUE_CHECKS, UNIQUE_CHECKS=0 */;
/*!40014 SET @OLD_FOREIGN_KEY_CHECKS=@@FOREIGN_KEY_CHECKS, FOREIGN_KEY_CHECKS=0 */;
/*!40101 SET @OLD_SQL_MODE=@@SQL_MODE, SQL_MODE='NO_AUTO_VALUE_ON_ZERO' */;
/*!40111 SET @OLD_SQL_NOTES=@@SQL_NOTES, SQL_NOTES=0 */;

--
-- Table structure for table `contract_printing_machine`
--

DROP TABLE IF EXISTS `contract_printing_machine`;
/*!40101 SET @saved_cs_client     = @@character_set_client */;
/*!40101 SET character_set_client = utf8 */;
CREATE TABLE `contract_printing_machine` (
  `contract_id` int(10) unsigned NOT NULL,
  `p_machine_id` int(10) unsigned NOT NULL,
  PRIMARY KEY (`contract_id`,`p_machine_id`),
  KEY `contract_printing_machine_contract_id_index` (`contract_id`),
  KEY `contract_printing_machine_p_machine_id_index` (`p_machine_id`),
  CONSTRAINT `contract_printing_machine_contract_id_foreign` FOREIGN KEY (`contract_id`) REFERENCES `contracts` (`id`) ON DELETE CASCADE,
  CONSTRAINT `contract_printing_machine_p_machine_id_foreign` FOREIGN KEY (`p_machine_id`) REFERENCES `printing_machines` (`id`) ON DELETE CASCADE
) ENGINE=InnoDB DEFAULT CHARSET=utf8mb4 COLLATE=utf8mb4_unicode_ci;
/*!40101 SET character_set_client = @saved_cs_client */;

--
-- Dumping data for table `contract_printing_machine`
--

LOCK TABLES `contract_printing_machine` WRITE;
/*!40000 ALTER TABLE `contract_printing_machine` DISABLE KEYS */;
INSERT INTO `contract_printing_machine` VALUES (1,1),(2,2),(3,3),(4,4),(5,5),(6,6),(7,7),(8,8),(9,9),(10,10),(11,11),(12,12),(13,13),(14,14),(15,15),(16,16),(17,17),(18,18),(19,19),(20,20),(21,21),(22,22),(23,23),(24,24),(25,25),(26,26),(27,27),(28,28),(29,29),(30,30),(31,31),(32,32),(33,33),(34,34),(35,35),(36,36),(37,37),(38,38),(39,39),(40,40),(41,41),(42,42),(43,43),(44,44),(45,45),(46,46),(47,47),(48,48),(49,49),(50,50),(51,51),(52,52),(53,53),(54,54),(55,55),(56,56),(57,57),(58,58),(59,59),(60,60),(61,61),(62,62),(63,63),(64,64),(65,65),(66,66),(67,67),(68,68),(69,69),(70,70),(71,71),(72,72),(73,73),(74,74),(75,75),(76,76),(77,77),(78,78),(79,79),(80,80),(81,81),(82,82),(83,83),(84,84),(85,85),(86,86),(87,87),(88,88),(89,89),(90,90),(91,91),(92,92),(93,93),(94,94),(95,95),(96,96),(97,97),(98,98),(99,99),(100,100),(101,101),(102,102),(103,103),(104,104),(105,105),(106,106),(107,107),(108,108),(109,109),(110,110),(111,111),(112,112),(113,113),(114,114),(115,115),(116,116),(117,117),(118,118),(119,119),(120,120),(121,121),(122,122),(123,123),(124,124),(125,125),(126,126),(127,127),(128,128),(129,129),(130,130),(131,131),(132,132),(133,133),(134,134),(135,135),(136,136),(137,137),(138,138),(139,139),(140,140),(141,141),(142,142),(143,143),(144,144),(145,145),(146,146),(147,147),(148,148),(149,149),(150,150),(151,151),(152,152),(153,153),(154,154),(155,155),(156,156),(157,157),(158,158),(159,159),(160,160),(161,161),(162,162),(163,163),(164,164),(165,165),(166,166),(167,167),(168,168),(169,169),(170,170),(171,171),(172,172),(173,173),(174,174),(175,175),(176,176),(177,177),(178,178),(179,179),(180,180),(181,181),(182,182),(183,183),(184,184),(185,185),(186,186),(187,187),(188,188),(189,189),(190,190),(191,191),(192,192),(193,193),(194,194),(195,195),(196,196),(197,197),(198,198),(199,199),(200,200),(201,201),(202,202),(203,203),(204,204),(205,205),(206,206),(207,207),(208,208),(209,209),(210,210),(211,211),(212,212),(213,213),(214,214),(215,215),(216,216),(217,217),(218,218),(219,219),(220,220),(221,221),(222,222),(223,223),(224,224),(225,225),(226,226),(227,227),(228,228),(229,229),(230,230),(231,231),(232,232),(233,233),(234,234),(235,235),(236,236),(237,237),(238,238),(239,239),(240,240),(241,241),(242,242),(243,243),(244,244),(245,245),(246,246),(247,247),(248,248),(249,249),(250,250),(251,251),(252,252),(253,253),(254,254),(255,255),(256,256);
/*!40000 ALTER TABLE `contract_printing_machine` ENABLE KEYS */;
UNLOCK TABLES;

--
-- Table structure for table `contracts`
--

DROP TABLE IF EXISTS `contracts`;
/*!40101 SET @saved_cs_client     = @@character_set_client */;
/*!40101 SET character_set_client = utf8 */;
CREATE TABLE `contracts` (
  `id` int(10) unsigned NOT NULL AUTO_INCREMENT,
  `code` varchar(191) COLLATE utf8mb4_unicode_ci DEFAULT NULL,
  `type` varchar(191) COLLATE utf8mb4_unicode_ci DEFAULT NULL,
  `start` datetime DEFAULT NULL,
  `end` datetime DEFAULT NULL,
  `status` varchar(191) COLLATE utf8mb4_unicode_ci DEFAULT NULL,
  `price` double(12,2) DEFAULT '0.00',
  `tax` smallint(6) DEFAULT '0',
  `total_price` double(12,2) DEFAULT '0.00',
  `payment_system` varchar(191) COLLATE utf8mb4_unicode_ci DEFAULT NULL,
  `comments` text COLLATE utf8mb4_unicode_ci,
  `created_at` timestamp NULL DEFAULT NULL,
  `updated_at` timestamp NULL DEFAULT NULL,
  `employee_id_who_edits_the_contract` int(10) unsigned DEFAULT NULL,
  PRIMARY KEY (`id`),
  KEY `contracts_employee_id_who_edits_the_contract_foreign` (`employee_id_who_edits_the_contract`),
  CONSTRAINT `contracts_employee_id_who_edits_the_contract_foreign` FOREIGN KEY (`employee_id_who_edits_the_contract`) REFERENCES `employees` (`id`) ON DELETE SET NULL
) ENGINE=InnoDB AUTO_INCREMENT=257 DEFAULT CHARSET=utf8mb4 COLLATE=utf8mb4_unicode_ci;
/*!40101 SET character_set_client = @saved_cs_client */;

--
-- Dumping data for table `contracts`
--

LOCK TABLES `contracts` WRITE;
/*!40000 ALTER TABLE `contracts` DISABLE KEYS */;
INSERT INTO `contracts` VALUES (1,'1','ضمان','2018-02-04 00:00:00','2020-01-30 00:00:00','ساري',0.00,0,0.00,'بدون',NULL,'2018-04-17 06:36:24','2018-04-17 06:36:24',NULL),(2,'2','ضمان','2016-05-08 00:00:00','2018-04-30 00:00:00','ساري',0.00,0,0.00,'بدون',NULL,'2018-04-17 06:36:25','2018-04-17 06:36:25',NULL),(3,'3','ضمان','2017-05-21 00:00:00','2020-04-30 00:00:00','ساري',0.00,0,0.00,'بدون',NULL,'2018-04-17 06:36:26','2018-04-17 06:36:26',NULL),(4,'4','ضمان','2017-05-21 00:00:00','2020-04-30 00:00:00','ساري',0.00,0,0.00,'بدون',NULL,'2018-04-17 06:36:26','2018-04-17 06:36:26',NULL),(5,'5','ضمان','2017-05-21 00:00:00','2020-04-30 00:00:00','ساري',0.00,0,0.00,'بدون',NULL,'2018-04-17 06:36:26','2018-04-17 06:36:26',NULL),(6,'6','ضمان','2017-05-21 00:00:00','2020-04-30 00:00:00','ساري',0.00,0,0.00,'بدون',NULL,'2018-04-17 06:36:27','2018-04-17 06:36:27',NULL),(7,'7','ضمان','2016-06-20 00:00:00','2019-05-30 00:00:00','ساري',0.00,0,0.00,'بدون',NULL,'2018-04-17 06:36:27','2018-04-17 06:36:27',NULL),(8,'8','ضمان','2016-06-19 00:00:00','2019-05-30 00:00:00','ساري',0.00,0,0.00,'بدون',NULL,'2018-04-17 06:36:27','2018-04-17 06:36:27',NULL),(9,'9','ضمان','2016-06-19 00:00:00','2019-05-30 00:00:00','ساري',0.00,0,0.00,'بدون',NULL,'2018-04-17 06:36:28','2018-04-17 06:36:28',NULL),(10,'10','ضمان','2017-12-06 00:00:00','2018-11-30 00:00:00','ساري',0.00,0,0.00,'بدون',NULL,'2018-04-17 06:36:28','2018-04-17 06:36:28',NULL),(11,'11','ضمان','2017-12-06 00:00:00','2018-11-30 00:00:00','ساري',0.00,0,0.00,'بدون',NULL,'2018-04-17 06:36:28','2018-04-17 06:36:29',NULL),(12,'12','ضمان','2017-08-10 00:00:00','2018-07-30 00:00:00','ساري',0.00,0,0.00,'بدون',NULL,'2018-04-17 06:36:29','2018-04-17 06:36:29',NULL),(13,'13','ضمان','2018-03-18 00:00:00','2019-02-28 00:00:00','ساري',0.00,0,0.00,'بدون',NULL,'2018-04-17 06:36:30','2018-04-17 06:36:30',NULL),(14,'14','ضمان','2017-11-01 00:00:00','2018-10-30 00:00:00','ساري',0.00,0,0.00,'بدون',NULL,'2018-04-17 06:36:30','2018-04-17 06:36:30',NULL),(15,'15','ضمان','2017-11-01 00:00:00','2018-10-30 00:00:00','ساري',0.00,0,0.00,'بدون',NULL,'2018-04-17 06:36:31','2018-04-17 06:36:31',NULL),(16,'16','ضمان','2018-03-07 00:00:00','2019-02-28 00:00:00','ساري',0.00,0,0.00,'بدون',NULL,'2018-04-17 06:36:32','2018-04-17 06:36:32',NULL),(17,'17','ضمان','2018-03-12 00:00:00','2019-02-28 00:00:00','ساري',0.00,0,0.00,'بدون',NULL,'2018-04-17 06:36:33','2018-04-17 06:36:33',NULL),(18,'18','ضمان','2017-05-10 00:00:00','2018-04-30 00:00:00','ساري',0.00,0,0.00,'بدون',NULL,'2018-04-17 06:36:33','2018-04-17 06:36:33',NULL),(19,'19','ضمان','2016-05-08 00:00:00','2018-04-30 00:00:00','ساري',0.00,0,0.00,'بدون',NULL,'2018-04-17 06:36:33','2018-04-17 06:36:33',NULL),(20,'20','ضمان','2017-12-30 00:00:00','2019-11-30 00:00:00','ساري',0.00,0,0.00,'بدون',NULL,'2018-04-17 06:36:34','2018-04-17 06:36:34',NULL),(21,'21','ضمان','2018-02-06 00:00:00','2020-01-30 00:00:00','ساري',0.00,0,0.00,'بدون',NULL,'2018-04-17 06:36:34','2018-04-17 06:36:34',NULL),(22,'22','ضمان','2018-01-03 00:00:00','2020-12-30 00:00:00','ساري',0.00,0,0.00,'بدون',NULL,'2018-04-17 06:36:35','2018-04-17 06:36:35',NULL),(23,'23','ضمان','2016-05-10 00:00:00','2018-04-30 00:00:00','ساري',0.00,0,0.00,'بدون',NULL,'2018-04-17 06:36:35','2018-04-17 06:36:35',NULL),(24,'24','ضمان','2016-05-24 00:00:00','2018-04-30 00:00:00','ساري',0.00,0,0.00,'بدون',NULL,'2018-04-17 06:36:36','2018-04-17 06:36:36',NULL),(25,'25','ضمان','2016-05-23 00:00:00','2018-04-30 00:00:00','ساري',0.00,0,0.00,'بدون',NULL,'2018-04-17 06:36:36','2018-04-17 06:36:36',NULL),(26,'26','ضمان','2016-06-22 00:00:00','2018-05-30 00:00:00','ساري',0.00,0,0.00,'بدون',NULL,'2018-04-17 06:36:37','2018-04-17 06:36:37',NULL),(27,'27','ضمان','2016-06-22 00:00:00','2018-05-30 00:00:00','ساري',0.00,0,0.00,'بدون',NULL,'2018-04-17 06:36:37','2018-04-17 06:36:37',NULL),(28,'28','ضمان','2016-07-26 00:00:00','2018-06-30 00:00:00','ساري',0.00,0,0.00,'بدون',NULL,'2018-04-17 06:36:38','2018-04-17 06:36:38',NULL),(29,'29','ضمان','2017-03-16 00:00:00','2019-02-28 00:00:00','ساري',0.00,0,0.00,'بدون',NULL,'2018-04-17 06:36:39','2018-04-17 06:36:39',NULL),(30,'30','ضمان','2017-05-22 00:00:00','2019-04-30 00:00:00','ساري',0.00,0,0.00,'بدون',NULL,'2018-04-17 06:36:39','2018-04-17 06:36:39',NULL),(31,'31','ضمان','2017-07-17 00:00:00','2019-06-30 00:00:00','ساري',0.00,0,0.00,'بدون',NULL,'2018-04-17 06:36:40','2018-04-17 06:36:40',NULL),(32,'32','ضمان','2017-05-10 00:00:00','2018-04-30 00:00:00','ساري',0.00,0,0.00,'بدون',NULL,'2018-04-17 06:36:40','2018-04-17 06:36:40',NULL),(33,'33','ضمان','2018-01-10 00:00:00','2018-12-30 00:00:00','ساري',0.00,0,0.00,'بدون',NULL,'2018-04-17 06:36:42','2018-04-17 06:36:42',NULL),(34,'34','ضمان','2018-03-22 00:00:00','2019-02-28 00:00:00','ساري',0.00,0,0.00,'بدون',NULL,'2018-04-17 06:36:42','2018-04-17 06:36:42',NULL),(35,'35','ضمان','2016-03-27 00:00:00','2019-02-28 00:00:00','ساري',0.00,0,0.00,'بدون',NULL,'2018-04-17 06:36:43','2018-04-17 06:36:43',NULL),(36,'36','ضمان','2017-06-15 00:00:00','2018-05-30 00:00:00','ساري',0.00,0,0.00,'بدون',NULL,'2018-04-17 06:36:43','2018-04-17 06:36:43',NULL),(37,'37','ضمان','2018-04-02 00:00:00','2019-03-30 00:00:00','ساري',0.00,0,0.00,'بدون',NULL,'2018-04-17 06:36:43','2018-04-17 06:36:44',NULL),(38,'38','ضمان','2017-11-27 00:00:00','2018-11-01 00:00:00','ساري',0.00,0,0.00,'بدون',NULL,'2018-04-17 06:36:44','2018-04-17 06:36:44',NULL),(39,'39','ضمان','2017-11-14 00:00:00','2018-10-30 00:00:00','ساري',0.00,0,0.00,'بدون',NULL,'2018-04-17 06:36:45','2018-04-17 06:36:45',NULL),(40,'40','ضمان','2018-01-30 00:00:00','2018-12-30 00:00:00','ساري',0.00,0,0.00,'بدون',NULL,'2018-04-17 06:36:45','2018-04-17 06:36:45',NULL),(41,'41','ضمان','2018-02-04 00:00:00','2019-01-30 00:00:00','ساري',0.00,0,0.00,'بدون',NULL,'2018-04-17 06:36:46','2018-04-17 06:36:46',NULL),(42,'42','ضمان','2017-05-23 00:00:00','2018-04-30 00:00:00','ساري',0.00,0,0.00,'بدون',NULL,'2018-04-17 06:36:46','2018-04-17 06:36:46',NULL),(43,'43','ضمان','2017-05-23 00:00:00','2018-04-30 00:00:00','ساري',0.00,0,0.00,'بدون',NULL,'2018-04-17 06:36:47','2018-04-17 06:36:47',NULL),(44,'44','ضمان','2018-02-13 00:00:00','2019-01-30 00:00:00','ساري',0.00,0,0.00,'بدون',NULL,'2018-04-17 06:36:47','2018-04-17 06:36:47',NULL),(45,'45','ضمان','2018-02-13 00:00:00','2019-01-30 00:00:00','ساري',0.00,0,0.00,'بدون',NULL,'2018-04-17 06:36:47','2018-04-17 06:36:48',NULL),(46,'46','ضمان','2018-02-28 00:00:00','2019-02-28 00:00:00','ساري',0.00,0,0.00,'بدون',NULL,'2018-04-17 06:36:48','2018-04-17 06:36:48',NULL),(47,'47','ضمان','2018-04-02 00:00:00','2019-03-30 00:00:00','ساري',0.00,0,0.00,'بدون',NULL,'2018-04-17 06:36:48','2018-04-17 06:36:48',NULL),(48,'48','ضمان','2017-12-06 00:00:00','2018-11-30 00:00:00','ساري',0.00,0,0.00,'بدون',NULL,'2018-04-17 06:36:49','2018-04-17 06:36:49',NULL),(49,'49','ضمان','2017-12-27 00:00:00','2018-11-30 00:00:00','ساري',0.00,0,0.00,'بدون',NULL,'2018-04-17 06:36:49','2018-04-17 06:36:49',NULL),(50,'50','ضمان','2017-12-10 00:00:00','2018-12-09 00:00:00','ساري',0.00,0,0.00,'بدون',NULL,'2018-04-17 06:36:49','2018-04-17 06:36:49',NULL),(51,'51','ضمان','2017-12-10 00:00:00','2018-12-09 00:00:00','ساري',0.00,0,0.00,'بدون',NULL,'2018-04-17 06:36:50','2018-04-17 06:36:50',NULL),(52,'52','ضمان','2017-08-10 00:00:00','2018-07-30 00:00:00','ساري',0.00,0,0.00,'بدون',NULL,'2018-04-17 06:36:51','2018-04-17 06:36:51',NULL),(53,'53','ضمان','2017-12-30 00:00:00','2018-11-30 00:00:00','ساري',0.00,0,0.00,'بدون',NULL,'2018-04-17 06:36:51','2018-04-17 06:36:51',NULL),(54,'54','ضمان','2017-12-26 00:00:00','2018-11-30 00:00:00','ساري',0.00,0,0.00,'بدون',NULL,'2018-04-17 06:36:52','2018-04-17 06:36:52',NULL),(55,'55','ضمان','2017-12-28 00:00:00','2018-11-30 00:00:00','ساري',0.00,0,0.00,'بدون',NULL,'2018-04-17 06:36:52','2018-04-17 06:36:52',NULL),(56,'56','ضمان','2018-01-03 00:00:00','2018-12-30 00:00:00','ساري',0.00,0,0.00,'بدون',NULL,'2018-04-17 06:36:53','2018-04-17 06:36:53',NULL),(57,'57','ضمان','2018-01-30 00:00:00','2018-12-30 00:00:00','ساري',0.00,0,0.00,'بدون',NULL,'2018-04-17 06:36:53','2018-04-17 06:36:53',NULL),(58,'58','ضمان','2018-01-30 00:00:00','2018-12-30 00:00:00','ساري',0.00,0,0.00,'بدون',NULL,'2018-04-17 06:36:53','2018-04-17 06:36:53',NULL),(59,'59','ضمان','2018-01-28 00:00:00','2018-12-30 00:00:00','ساري',0.00,0,0.00,'بدون',NULL,'2018-04-17 06:36:54','2018-04-17 06:36:54',NULL),(60,'60','ضمان','2018-02-07 00:00:00','2019-01-30 00:00:00','ساري',0.00,0,0.00,'بدون',NULL,'2018-04-17 06:36:54','2018-04-17 06:36:54',NULL),(61,'61','ضمان','2018-02-07 00:00:00','2019-01-30 00:00:00','ساري',0.00,0,0.00,'بدون',NULL,'2018-04-17 06:36:54','2018-04-17 06:36:54',NULL),(62,'62','ضمان','2018-02-14 00:00:00','2019-01-30 00:00:00','ساري',0.00,0,0.00,'بدون',NULL,'2018-04-17 06:36:55','2018-04-17 06:36:55',NULL),(63,'63','ضمان','2018-02-18 00:00:00','2019-01-30 00:00:00','ساري',0.00,0,0.00,'بدون',NULL,'2018-04-17 06:36:55','2018-04-17 06:36:55',NULL),(64,'64','ضمان','2018-02-25 00:00:00','2019-01-30 00:00:00','ساري',0.00,0,0.00,'بدون',NULL,'2018-04-17 06:36:56','2018-04-17 06:36:56',NULL),(65,'65','ضمان','2018-02-25 00:00:00','2019-01-30 00:00:00','ساري',0.00,0,0.00,'بدون',NULL,'2018-04-17 06:36:56','2018-04-17 06:36:56',NULL),(66,'66','ضمان','2018-03-14 00:00:00','2019-02-28 00:00:00','ساري',0.00,0,0.00,'بدون',NULL,'2018-04-17 06:36:56','2018-04-17 06:36:56',NULL),(67,'67','ضمان','2017-05-10 00:00:00','2018-04-30 00:00:00','ساري',0.00,0,0.00,'بدون',NULL,'2018-04-17 06:36:57','2018-04-17 06:36:57',NULL),(68,'68','ضمان','2017-05-04 00:00:00','2018-04-30 00:00:00','ساري',0.00,0,0.00,'بدون',NULL,'2018-04-17 06:36:57','2018-04-17 06:36:57',NULL),(69,'69','ضمان','2017-07-10 00:00:00','2018-06-30 00:00:00','ساري',0.00,0,0.00,'بدون',NULL,'2018-04-17 06:36:58','2018-04-17 06:36:58',NULL),(70,'70','ضمان','2017-05-24 00:00:00','2018-04-30 00:00:00','ساري',0.00,0,0.00,'بدون',NULL,'2018-04-17 06:36:58','2018-04-17 06:36:58',NULL),(71,'71','ضمان','2017-07-31 00:00:00','2018-06-30 00:00:00','ساري',0.00,0,0.00,'بدون',NULL,'2018-04-17 06:36:58','2018-04-17 06:36:58',NULL),(72,'72','ضمان','2017-08-16 00:00:00','2018-07-30 00:00:00','ساري',0.00,0,0.00,'بدون',NULL,'2018-04-17 06:36:59','2018-04-17 06:36:59',NULL),(73,'73','ضمان','2017-09-20 00:00:00','2018-08-30 00:00:00','ساري',0.00,0,0.00,'بدون',NULL,'2018-04-17 06:36:59','2018-04-17 06:36:59',NULL),(74,'74','ضمان','2017-10-08 00:00:00','2018-09-30 00:00:00','ساري',0.00,0,0.00,'بدون',NULL,'2018-04-17 06:36:59','2018-04-17 06:37:00',NULL),(75,'75','ضمان','2017-11-09 00:00:00','2018-10-30 00:00:00','ساري',0.00,0,0.00,'بدون',NULL,'2018-04-17 06:37:00','2018-04-17 06:37:00',NULL),(76,'76','ضمان','2017-11-08 00:00:00','2018-10-30 00:00:00','ساري',0.00,0,0.00,'بدون',NULL,'2018-04-17 06:37:00','2018-04-17 06:37:00',NULL),(77,'77','ضمان','2017-11-08 00:00:00','2018-10-30 00:00:00','ساري',0.00,0,0.00,'بدون',NULL,'2018-04-17 06:37:01','2018-04-17 06:37:01',NULL),(78,'78','ضمان','2017-11-09 00:00:00','2018-10-30 00:00:00','ساري',0.00,0,0.00,'بدون',NULL,'2018-04-17 06:37:01','2018-04-17 06:37:01',NULL),(79,'79','ضمان','2017-11-19 00:00:00','2018-10-30 00:00:00','ساري',0.00,0,0.00,'بدون',NULL,'2018-04-17 06:37:02','2018-04-17 06:37:02',NULL),(80,'80','ضمان','2017-10-24 00:00:00','2018-09-30 00:00:00','ساري',0.00,0,0.00,'بدون',NULL,'2018-04-17 06:37:02','2018-04-17 06:37:02',NULL),(81,'81','ضمان','2017-08-01 00:00:00','2018-07-30 00:00:00','ساري',0.00,0,0.00,'بدون',NULL,'2018-04-17 06:37:03','2018-04-17 06:37:03',NULL),(82,'82','ضمان','2017-06-01 00:00:00','2018-05-30 00:00:00','ساري',0.00,0,0.00,'بدون',NULL,'2018-04-17 06:37:03','2018-04-17 06:37:03',NULL),(83,'83','ضمان','2017-12-13 00:00:00','2018-11-30 00:00:00','ساري',0.00,0,0.00,'بدون',NULL,'2018-04-17 06:37:03','2018-04-17 06:37:03',NULL),(84,'84','ضمان','2015-06-10 00:00:00','2018-05-30 00:00:00','ساري',0.00,0,0.00,'بدون',NULL,'2018-04-17 06:37:04','2018-04-17 06:37:04',NULL),(85,'85','ضمان','2018-02-11 00:00:00','2021-01-30 00:00:00','ساري',0.00,0,0.00,'بدون',NULL,'2018-04-17 06:37:04','2018-04-17 06:37:04',NULL),(86,'86','ضمان','2018-02-11 00:00:00','2021-01-30 00:00:00','ساري',0.00,0,0.00,'بدون',NULL,'2018-04-17 06:37:05','2018-04-17 06:37:05',NULL),(87,'87','ضمان','2017-12-07 00:00:00','2018-11-30 00:00:00','ساري',0.00,0,0.00,'بدون',NULL,'2018-04-17 06:37:05','2018-04-17 06:37:05',NULL),(88,'88','ضمان','2017-12-07 00:00:00','2018-11-30 00:00:00','ساري',0.00,0,0.00,'بدون',NULL,'2018-04-17 06:37:05','2018-04-17 06:37:05',NULL),(89,'89','ضمان','2018-02-15 00:00:00','2019-01-30 00:00:00','ساري',0.00,0,0.00,'بدون',NULL,'2018-04-17 06:37:06','2018-04-17 06:37:06',NULL),(90,'90','ضمان','2017-02-27 00:00:00','2019-01-30 00:00:00','ساري',0.00,0,0.00,'بدون',NULL,'2018-04-17 06:37:06','2018-04-17 06:37:06',NULL),(91,'91','ضمان','2018-03-06 00:00:00','2019-02-28 00:00:00','ساري',0.00,0,0.00,'بدون',NULL,'2018-04-17 06:37:07','2018-04-17 06:37:07',NULL),(92,'92','ضمان','2017-06-20 00:00:00','2018-05-30 00:00:00','ساري',0.00,0,0.00,'بدون',NULL,'2018-04-17 06:37:07','2018-04-17 06:37:07',NULL),(93,'93','ضمان','2018-02-19 00:00:00','2019-01-30 00:00:00','ساري',0.00,0,0.00,'بدون',NULL,'2018-04-17 06:37:08','2018-04-17 06:37:08',NULL),(94,'94','ضمان','2018-02-19 00:00:00','2019-01-30 00:00:00','ساري',0.00,0,0.00,'بدون',NULL,'2018-04-17 06:37:08','2018-04-17 06:37:08',NULL),(95,'95','ضمان','2017-10-16 00:00:00','2018-09-30 00:00:00','ساري',0.00,0,0.00,'بدون',NULL,'2018-04-17 06:37:08','2018-04-17 06:37:08',NULL),(96,'96','ضمان','2017-10-16 00:00:00','2018-09-30 00:00:00','ساري',0.00,0,0.00,'بدون',NULL,'2018-04-17 06:37:09','2018-04-17 06:37:09',NULL),(97,'97','ضمان','2017-10-16 00:00:00','2018-09-30 00:00:00','ساري',0.00,0,0.00,'بدون',NULL,'2018-04-17 06:37:09','2018-04-17 06:37:09',NULL),(98,'98','ضمان','2018-03-06 00:00:00','2019-02-28 00:00:00','ساري',0.00,0,0.00,'بدون',NULL,'2018-04-17 06:37:09','2018-04-17 06:37:09',NULL),(99,'99','ضمان','2017-08-21 00:00:00','2018-07-30 00:00:00','ساري',0.00,0,0.00,'بدون',NULL,'2018-04-17 06:37:10','2018-04-17 06:37:10',NULL),(100,'100','ضمان','2018-01-24 00:00:00','2018-12-30 00:00:00','ساري',0.00,0,0.00,'بدون',NULL,'2018-04-17 06:37:10','2018-04-17 06:37:10',NULL),(101,'101','ضمان','2018-02-06 00:00:00','2019-01-30 00:00:00','ساري',0.00,0,0.00,'بدون',NULL,'2018-04-17 06:37:10','2018-04-17 06:37:10',NULL),(102,'102','ضمان','2017-10-15 00:00:00','2018-09-30 00:00:00','ساري',0.00,0,0.00,'بدون',NULL,'2018-04-17 06:37:11','2018-04-17 06:37:11',NULL),(103,'103','ضمان','2017-10-29 00:00:00','2018-09-30 00:00:00','ساري',0.00,0,0.00,'بدون',NULL,'2018-04-17 06:37:11','2018-04-17 06:37:11',NULL),(104,'104','ضمان','2018-02-27 00:00:00','2019-02-28 00:00:00','ساري',0.00,0,0.00,'بدون',NULL,'2018-04-17 06:37:11','2018-04-17 06:37:11',NULL),(105,'105','ضمان','2017-08-10 00:00:00','2018-07-30 00:00:00','ساري',0.00,0,0.00,'بدون',NULL,'2018-04-17 06:37:12','2018-04-17 06:37:12',NULL),(106,'106','ضمان','2017-10-26 00:00:00','2018-09-30 00:00:00','ساري',0.00,0,0.00,'بدون',NULL,'2018-04-17 06:37:12','2018-04-17 06:37:12',NULL),(107,'107','ضمان','2017-12-14 00:00:00','2018-11-30 00:00:00','ساري',0.00,0,0.00,'بدون',NULL,'2018-04-17 06:37:12','2018-04-17 06:37:12',NULL),(108,'108','ضمان','2017-05-23 00:00:00','2018-04-30 00:00:00','ساري',0.00,0,0.00,'بدون',NULL,'2018-04-17 06:37:13','2018-04-17 06:37:13',NULL),(109,'109','ضمان','2018-01-14 00:00:00','2018-12-30 00:00:00','ساري',0.00,0,0.00,'بدون',NULL,'2018-04-17 06:37:13','2018-04-17 06:37:13',NULL),(110,'110','ضمان','2018-01-15 00:00:00','2018-12-30 00:00:00','ساري',0.00,0,0.00,'بدون',NULL,'2018-04-17 06:37:14','2018-04-17 06:37:14',NULL),(111,'111','ضمان','2017-10-08 00:00:00','2018-09-30 00:00:00','ساري',0.00,0,0.00,'بدون',NULL,'2018-04-17 06:37:15','2018-04-17 06:37:15',NULL),(112,'112','ضمان','2017-07-05 00:00:00','2018-06-30 00:00:00','ساري',0.00,0,0.00,'بدون',NULL,'2018-04-17 06:37:15','2018-04-17 06:37:15',NULL),(113,'113','ضمان','2018-01-09 00:00:00','2018-12-30 00:00:00','ساري',0.00,0,0.00,'بدون',NULL,'2018-04-17 06:37:15','2018-04-17 06:37:15',NULL),(114,'114','ضمان','2017-06-20 00:00:00','2018-05-30 00:00:00','ساري',0.00,0,0.00,'بدون',NULL,'2018-04-17 06:37:16','2018-04-17 06:37:16',NULL),(115,'115','ضمان','2017-10-22 00:00:00','2018-09-30 00:00:00','ساري',0.00,0,0.00,'بدون',NULL,'2018-04-17 06:37:16','2018-04-17 06:37:16',NULL),(116,'116','ضمان','2017-12-20 00:00:00','2018-11-30 00:00:00','ساري',0.00,0,0.00,'بدون',NULL,'2018-04-17 06:37:17','2018-04-17 06:37:17',NULL),(117,'117','ضمان','2016-05-18 00:00:00','2018-04-30 00:00:00','ساري',0.00,0,0.00,'بدون',NULL,'2018-04-17 06:37:17','2018-04-17 06:37:17',NULL),(118,'118','ضمان','2016-05-26 00:00:00','2018-04-30 00:00:00','ساري',0.00,0,0.00,'بدون',NULL,'2018-04-17 06:37:17','2018-04-17 06:37:17',NULL),(119,'119','ضمان','2016-05-26 00:00:00','2018-04-30 00:00:00','ساري',0.00,0,0.00,'بدون',NULL,'2018-04-17 06:37:18','2018-04-17 06:37:18',NULL),(120,'120','ضمان','2016-05-29 00:00:00','2018-04-30 00:00:00','ساري',0.00,0,0.00,'بدون',NULL,'2018-04-17 06:37:18','2018-04-17 06:37:18',NULL),(121,'121','ضمان','2016-06-01 00:00:00','2018-05-30 00:00:00','ساري',0.00,0,0.00,'بدون',NULL,'2018-04-17 06:37:18','2018-04-17 06:37:18',NULL),(122,'122','ضمان','2016-06-26 00:00:00','2018-05-30 00:00:00','ساري',0.00,0,0.00,'بدون',NULL,'2018-04-17 06:37:19','2018-04-17 06:37:19',NULL),(123,'123','ضمان','2016-06-12 00:00:00','2018-05-30 00:00:00','ساري',0.00,0,0.00,'بدون',NULL,'2018-04-17 06:37:19','2018-04-17 06:37:19',NULL),(124,'124','ضمان','2016-08-07 00:00:00','2018-07-30 00:00:00','ساري',0.00,0,0.00,'بدون',NULL,'2018-04-17 06:37:19','2018-04-17 06:37:20',NULL),(125,'125','ضمان','2017-12-25 00:00:00','2019-11-30 00:00:00','ساري',0.00,0,0.00,'بدون',NULL,'2018-04-17 06:37:20','2018-04-17 06:37:20',NULL),(126,'126','ضمان','2017-12-26 00:00:00','2019-11-30 00:00:00','ساري',0.00,0,0.00,'بدون',NULL,'2018-04-17 06:37:20','2018-04-17 06:37:20',NULL),(127,'127','ضمان','2018-01-11 00:00:00','2020-12-30 00:00:00','ساري',0.00,0,0.00,'بدون',NULL,'2018-04-17 06:37:21','2018-04-17 06:37:21',NULL),(128,'128','ضمان','2018-02-07 00:00:00','2020-01-30 00:00:00','ساري',0.00,0,0.00,'بدون',NULL,'2018-04-17 06:37:21','2018-04-17 06:37:21',NULL),(129,'129','ضمان','2018-01-30 00:00:00','2020-01-30 00:00:00','ساري',0.00,0,0.00,'بدون',NULL,'2018-04-17 06:37:21','2018-04-17 06:37:21',NULL),(130,'130','ضمان','2017-05-22 00:00:00','2019-04-30 00:00:00','ساري',0.00,0,0.00,'بدون',NULL,'2018-04-17 06:37:22','2018-04-17 06:37:22',NULL),(131,'131','ضمان','2017-06-07 00:00:00','2019-05-30 00:00:00','ساري',0.00,0,0.00,'بدون',NULL,'2018-04-17 06:37:22','2018-04-17 06:37:22',NULL),(132,'132','ضمان','2017-06-13 00:00:00','2019-05-30 00:00:00','ساري',0.00,0,0.00,'بدون',NULL,'2018-04-17 06:37:23','2018-04-17 06:37:23',NULL),(133,'133','ضمان','2017-06-15 00:00:00','2019-05-30 00:00:00','ساري',0.00,0,0.00,'بدون',NULL,'2018-04-17 06:37:23','2018-04-17 06:37:23',NULL),(134,'134','ضمان','2017-06-18 00:00:00','2019-05-30 00:00:00','ساري',0.00,0,0.00,'بدون',NULL,'2018-04-17 06:37:24','2018-04-17 06:37:24',NULL),(135,'135','ضمان','2017-05-14 00:00:00','2019-04-30 00:00:00','ساري',0.00,0,0.00,'بدون',NULL,'2018-04-17 06:37:24','2018-04-17 06:37:25',NULL),(136,'136','ضمان','2017-12-10 00:00:00','2018-11-30 00:00:00','ساري',0.00,0,0.00,'بدون',NULL,'2018-04-17 06:37:25','2018-04-17 06:37:25',NULL),(137,'137','ضمان','2015-06-11 00:00:00','2018-05-30 00:00:00','ساري',0.00,0,0.00,'بدون',NULL,'2018-04-17 06:37:25','2018-04-17 06:37:25',NULL),(138,'138','ضمان','2017-07-12 00:00:00','2018-06-30 00:00:00','ساري',0.00,0,0.00,'بدون',NULL,'2018-04-17 06:37:26','2018-04-17 06:37:26',NULL),(139,'139','ضمان','2017-11-28 00:00:00','2018-10-30 00:00:00','ساري',0.00,0,0.00,'بدون',NULL,'2018-04-17 06:37:26','2018-04-17 06:37:26',NULL),(140,'140','ضمان','2017-11-27 00:00:00','2018-10-30 00:00:00','ساري',0.00,0,0.00,'بدون',NULL,'2018-04-17 06:37:26','2018-04-17 06:37:26',NULL),(141,'141','ضمان','2018-01-29 00:00:00','2018-12-30 00:00:00','ساري',0.00,0,0.00,'بدون',NULL,'2018-04-17 06:37:27','2018-04-17 06:37:27',NULL),(142,'142','ضمان','2018-01-29 00:00:00','2018-12-30 00:00:00','ساري',0.00,0,0.00,'بدون',NULL,'2018-04-17 06:37:27','2018-04-17 06:37:27',NULL),(143,'143','ضمان','2017-11-02 00:00:00','2018-10-30 00:00:00','ساري',0.00,0,0.00,'بدون',NULL,'2018-04-17 06:37:27','2018-04-17 06:37:27',NULL),(144,'144','ضمان','2018-03-05 00:00:00','2019-02-28 00:00:00','ساري',0.00,0,0.00,'بدون',NULL,'2018-04-17 06:37:28','2018-04-17 06:37:28',NULL),(145,'145','ضمان','2017-05-10 00:00:00','2018-04-30 00:00:00','ساري',0.00,0,0.00,'بدون',NULL,'2018-04-17 06:37:28','2018-04-17 06:37:28',NULL),(146,'146','ضمان','2017-05-18 00:00:00','2018-04-30 00:00:00','ساري',0.00,0,0.00,'بدون',NULL,'2018-04-17 06:37:29','2018-04-17 06:37:29',NULL),(147,'147','ضمان','2017-07-30 00:00:00','2018-06-30 00:00:00','ساري',0.00,0,0.00,'بدون',NULL,'2018-04-17 06:37:29','2018-04-17 06:37:29',NULL),(148,'148','ضمان','2018-03-19 00:00:00','2019-02-28 00:00:00','ساري',0.00,0,0.00,'بدون',NULL,'2018-04-17 06:37:29','2018-04-17 06:37:29',NULL),(149,'149','ضمان','2017-09-07 00:00:00','2018-08-30 00:00:00','ساري',0.00,0,0.00,'بدون',NULL,'2018-04-17 06:37:30','2018-04-17 06:37:30',NULL),(150,'150','ضمان','2017-11-02 00:00:00','2018-05-30 00:00:00','ساري',0.00,0,0.00,'بدون',NULL,'2018-04-17 06:37:30','2018-04-17 06:37:30',NULL),(151,'151','ضمان','2017-12-21 00:00:00','2019-11-30 00:00:00','ساري',0.00,0,0.00,'بدون',NULL,'2018-04-17 06:37:30','2018-04-17 06:37:30',NULL),(152,'152','ضمان','2018-01-03 00:00:00','2018-12-30 00:00:00','ساري',0.00,0,0.00,'بدون',NULL,'2018-04-17 06:37:31','2018-04-17 06:37:31',NULL),(153,'153','ضمان','2015-06-21 00:00:00','2018-05-30 00:00:00','ساري',0.00,0,0.00,'بدون',NULL,'2018-04-17 06:37:31','2018-04-17 06:37:32',NULL),(154,'154','ضمان','2017-02-13 00:00:00','2018-08-30 00:00:00','ساري',0.00,0,0.00,'بدون',NULL,'2018-04-17 06:37:32','2018-04-17 06:37:32',NULL),(155,'155','ضمان','2017-05-30 00:00:00','2018-04-30 00:00:00','ساري',0.00,0,0.00,'بدون',NULL,'2018-04-17 06:37:32','2018-04-17 06:37:32',NULL),(156,'156','ضمان','2015-05-05 00:00:00','2018-04-30 00:00:00','ساري',0.00,0,0.00,'بدون',NULL,'2018-04-17 06:37:33','2018-04-17 06:37:33',NULL),(157,'157','ضمان','2018-02-08 00:00:00','2019-01-30 00:00:00','ساري',0.00,0,0.00,'بدون',NULL,'2018-04-17 06:37:33','2018-04-17 06:37:33',NULL),(158,'158','ضمان','2017-09-12 00:00:00','2018-08-30 00:00:00','ساري',0.00,0,0.00,'بدون',NULL,'2018-04-17 06:37:33','2018-04-17 06:37:34',NULL),(159,'159','ضمان','2018-03-06 00:00:00','2019-02-28 00:00:00','ساري',0.00,0,0.00,'بدون',NULL,'2018-04-17 06:37:34','2018-04-17 06:37:34',NULL),(160,'160','ضمان','2017-12-12 00:00:00','2018-11-30 00:00:00','ساري',0.00,0,0.00,'بدون',NULL,'2018-04-17 06:37:35','2018-04-17 06:37:35',NULL),(161,'161','ضمان','2017-12-17 00:00:00','2018-11-30 00:00:00','ساري',0.00,0,0.00,'بدون',NULL,'2018-04-17 06:37:35','2018-04-17 06:37:35',NULL),(162,'162','ضمان','2017-12-17 00:00:00','2018-11-30 00:00:00','ساري',0.00,0,0.00,'بدون',NULL,'2018-04-17 06:37:35','2018-04-17 06:37:35',NULL),(163,'163','ضمان','2017-12-17 00:00:00','2018-11-30 00:00:00','ساري',0.00,0,0.00,'بدون',NULL,'2018-04-17 06:37:36','2018-04-17 06:37:36',NULL),(164,'164','ضمان','2015-06-11 00:00:00','2018-05-30 00:00:00','ساري',0.00,0,0.00,'بدون',NULL,'2018-04-17 06:37:36','2018-04-17 06:37:36',NULL),(165,'165','ضمان','2016-09-08 00:00:00','2019-08-30 00:00:00','ساري',0.00,0,0.00,'بدون',NULL,'2018-04-17 06:37:37','2018-04-17 06:37:37',NULL),(166,'166','ضمان','2016-09-08 00:00:00','2019-08-30 00:00:00','ساري',0.00,0,0.00,'بدون',NULL,'2018-04-17 06:37:37','2018-04-17 06:37:37',NULL),(167,'167','ضمان','2016-09-08 00:00:00','2019-08-30 00:00:00','ساري',0.00,0,0.00,'بدون',NULL,'2018-04-17 06:37:37','2018-04-17 06:37:37',NULL),(168,'168','ضمان','2015-08-10 00:00:00','2018-07-30 00:00:00','ساري',0.00,0,0.00,'بدون',NULL,'2018-04-17 06:37:37','2018-04-17 06:37:37',NULL),(169,'169','ضمان','2015-08-10 00:00:00','2018-07-30 00:00:00','ساري',0.00,0,0.00,'بدون',NULL,'2018-04-17 06:37:38','2018-04-17 06:37:38',NULL),(170,'170','ضمان','2017-09-07 00:00:00','2018-08-30 00:00:00','ساري',0.00,0,0.00,'بدون',NULL,'2018-04-17 06:37:38','2018-04-17 06:37:38',NULL),(171,'171','ضمان','2017-09-07 00:00:00','2018-08-30 00:00:00','ساري',0.00,0,0.00,'بدون',NULL,'2018-04-17 06:37:39','2018-04-17 06:37:39',NULL),(172,'172','ضمان','2017-11-28 00:00:00','2018-10-30 00:00:00','ساري',0.00,0,0.00,'بدون',NULL,'2018-04-17 06:37:39','2018-04-17 06:37:39',NULL),(173,'173','ضمان','2018-03-08 00:00:00','2019-02-28 00:00:00','ساري',0.00,0,0.00,'بدون',NULL,'2018-04-17 06:37:39','2018-04-17 06:37:40',NULL),(174,'174','ضمان','2016-12-07 00:00:00','2019-11-30 00:00:00','ساري',0.00,0,0.00,'بدون',NULL,'2018-04-17 06:37:40','2018-04-17 06:37:40',NULL),(175,'175','ضمان','2016-12-07 00:00:00','2019-11-30 00:00:00','ساري',0.00,0,0.00,'بدون',NULL,'2018-04-17 06:37:41','2018-04-17 06:37:41',NULL),(176,'176','ضمان','2016-12-07 00:00:00','2019-11-30 00:00:00','ساري',0.00,0,0.00,'بدون',NULL,'2018-04-17 06:37:41','2018-04-17 06:37:41',NULL),(177,'177','ضمان','2017-01-30 00:00:00','2019-12-30 00:00:00','ساري',0.00,0,0.00,'بدون',NULL,'2018-04-17 06:37:41','2018-04-17 06:37:41',NULL),(178,'178','ضمان','2017-04-26 00:00:00','2020-03-30 00:00:00','ساري',0.00,0,0.00,'بدون',NULL,'2018-04-17 06:37:42','2018-04-17 06:37:42',NULL),(179,'179','ضمان','2017-05-28 00:00:00','2018-04-30 00:00:00','ساري',0.00,0,0.00,'بدون',NULL,'2018-04-17 06:37:42','2018-04-17 06:37:42',NULL),(180,'180','ضمان','2017-11-05 00:00:00','2018-10-30 00:00:00','ساري',0.00,0,0.00,'بدون',NULL,'2018-04-17 06:37:43','2018-04-17 06:37:43',NULL),(181,'181','ضمان','2017-10-11 00:00:00','2018-09-30 00:00:00','ساري',0.00,0,0.00,'بدون',NULL,'2018-04-17 06:37:43','2018-04-17 06:37:43',NULL),(182,'182','ضمان','2018-02-20 00:00:00','2019-01-30 00:00:00','ساري',0.00,0,0.00,'بدون',NULL,'2018-04-17 06:37:44','2018-04-17 06:37:44',NULL),(183,'183','ضمان','2016-06-21 00:00:00','2018-05-30 00:00:00','ساري',0.00,0,0.00,'بدون',NULL,'2018-04-17 06:37:44','2018-04-17 06:37:44',NULL),(184,'184','ضمان','2016-07-27 00:00:00','2018-06-30 00:00:00','ساري',0.00,0,0.00,'بدون',NULL,'2018-04-17 06:37:44','2018-04-17 06:37:44',NULL),(185,'185','ضمان','2017-05-29 00:00:00','2019-04-30 00:00:00','ساري',0.00,0,0.00,'بدون',NULL,'2018-04-17 06:37:45','2018-04-17 06:37:45',NULL),(186,'186','ضمان','2017-06-18 00:00:00','2018-05-30 00:00:00','ساري',0.00,0,0.00,'بدون',NULL,'2018-04-17 06:37:45','2018-04-17 06:37:45',NULL),(187,'187','ضمان','2017-06-18 00:00:00','2018-05-30 00:00:00','ساري',0.00,0,0.00,'بدون',NULL,'2018-04-17 06:37:45','2018-04-17 06:37:45',NULL),(188,'188','ضمان','2017-06-18 00:00:00','2018-05-30 00:00:00','ساري',0.00,0,0.00,'بدون',NULL,'2018-04-17 06:37:46','2018-04-17 06:37:46',NULL),(189,'189','ضمان','2017-12-01 00:00:00','2018-11-30 00:00:00','ساري',0.00,0,0.00,'بدون',NULL,'2018-04-17 06:37:46','2018-04-17 06:37:46',NULL),(190,'190','ضمان','2017-05-29 00:00:00','2018-04-30 00:00:00','ساري',0.00,0,0.00,'بدون',NULL,'2018-04-17 06:37:46','2018-04-17 06:37:46',NULL),(191,'191','ضمان','2017-05-29 00:00:00','2018-04-30 00:00:00','ساري',0.00,0,0.00,'بدون',NULL,'2018-04-17 06:37:47','2018-04-17 06:37:47',NULL),(192,'192','ضمان','2018-02-27 00:00:00','2019-01-30 00:00:00','ساري',0.00,0,0.00,'بدون',NULL,'2018-04-17 06:37:47','2018-04-17 06:37:47',NULL),(193,'193','ضمان','2017-11-04 00:00:00','2018-10-30 00:00:00','ساري',0.00,0,0.00,'بدون',NULL,'2018-04-17 06:37:48','2018-04-17 06:37:48',NULL),(194,'194','ضمان','2017-11-04 00:00:00','2018-10-30 00:00:00','ساري',0.00,0,0.00,'بدون',NULL,'2018-04-17 06:37:48','2018-04-17 06:37:48',NULL),(195,'195','ضمان','2017-11-04 00:00:00','2018-10-30 00:00:00','ساري',0.00,0,0.00,'بدون',NULL,'2018-04-17 06:37:49','2018-04-17 06:37:49',NULL),(196,'196','ضمان','2017-08-15 00:00:00','2018-07-30 00:00:00','ساري',0.00,0,0.00,'بدون',NULL,'2018-04-17 06:37:49','2018-04-17 06:37:49',NULL),(197,'197','ضمان','2017-11-08 00:00:00','2018-10-31 00:00:00','ساري',0.00,0,0.00,'بدون',NULL,'2018-04-17 06:37:49','2018-04-17 06:37:49',NULL),(198,'198','ضمان','2016-05-17 00:00:00','2018-04-30 00:00:00','ساري',0.00,0,0.00,'بدون',NULL,'2018-04-17 06:37:50','2018-04-17 06:37:50',NULL),(199,'199','ضمان','2017-12-04 00:00:00','2018-11-30 00:00:00','ساري',0.00,0,0.00,'بدون',NULL,'2018-04-17 06:37:50','2018-04-17 06:37:50',NULL),(200,'200','ضمان','2017-09-07 00:00:00','2018-08-30 00:00:00','ساري',0.00,0,0.00,'بدون',NULL,'2018-04-17 06:37:51','2018-04-17 06:37:51',NULL),(201,'201','ضمان','2017-11-11 00:00:00','2018-10-30 00:00:00','ساري',0.00,0,0.00,'بدون',NULL,'2018-04-17 06:37:51','2018-04-17 06:37:51',NULL),(202,'202','ضمان','2017-06-08 00:00:00','2018-05-30 00:00:00','ساري',0.00,0,0.00,'بدون',NULL,'2018-04-17 06:37:51','2018-04-17 06:37:51',NULL),(203,'203','ضمان','2017-07-30 00:00:00','2018-06-30 00:00:00','ساري',0.00,0,0.00,'بدون',NULL,'2018-04-17 06:37:52','2018-04-17 06:37:52',NULL),(204,'204','ضمان','2016-08-04 00:00:00','2018-07-30 00:00:00','ساري',0.00,0,0.00,'بدون',NULL,'2018-04-17 06:37:52','2018-04-17 06:37:52',NULL),(205,'205','ضمان','2017-05-17 00:00:00','2018-04-30 00:00:00','ساري',0.00,0,0.00,'بدون',NULL,'2018-04-17 06:37:52','2018-04-17 06:37:52',NULL),(206,'206','ضمان','2018-02-06 00:00:00','2019-01-30 00:00:00','ساري',0.00,0,0.00,'بدون',NULL,'2018-04-17 06:37:53','2018-04-17 06:37:53',NULL),(207,'207','ضمان','2017-06-06 00:00:00','2018-05-30 00:00:00','ساري',0.00,0,0.00,'بدون',NULL,'2018-04-17 06:37:53','2018-04-17 06:37:53',NULL),(208,'208','ضمان','2018-02-20 00:00:00','2019-01-30 00:00:00','ساري',0.00,0,0.00,'بدون',NULL,'2018-04-17 06:37:53','2018-04-17 06:37:54',NULL),(209,'209','ضمان','2018-04-02 00:00:00','2019-03-30 00:00:00','ساري',0.00,0,0.00,'بدون',NULL,'2018-04-17 06:37:54','2018-04-17 06:37:54',NULL),(210,'210','ضمان','2017-11-08 00:00:00','2018-10-30 00:00:00','ساري',0.00,0,0.00,'بدون',NULL,'2018-04-17 06:37:54','2018-04-17 06:37:54',NULL),(211,'211','ضمان','2018-04-10 00:00:00','2019-03-30 00:00:00','ساري',0.00,0,0.00,'بدون',NULL,'2018-04-17 06:37:54','2018-04-17 06:37:54',NULL),(212,'212','ضمان','2017-09-19 00:00:00','2018-08-30 00:00:00','ساري',0.00,0,0.00,'بدون',NULL,'2018-04-17 06:37:55','2018-04-17 06:37:55',NULL),(213,'213','ضمان','2017-09-19 00:00:00','2018-08-30 00:00:00','ساري',0.00,0,0.00,'بدون',NULL,'2018-04-17 06:37:55','2018-04-17 06:37:55',NULL),(214,'214','ضمان','2015-09-15 00:00:00','2018-08-30 00:00:00','ساري',0.00,0,0.00,'بدون',NULL,'2018-04-17 06:37:56','2018-04-17 06:37:56',NULL),(215,'215','ضمان','2017-05-04 00:00:00','2018-04-30 00:00:00','ساري',0.00,0,0.00,'بدون',NULL,'2018-04-17 06:37:57','2018-04-17 06:37:57',NULL),(216,'216','ضمان','2017-11-29 00:00:00','2018-10-30 00:00:00','ساري',0.00,0,0.00,'بدون',NULL,'2018-04-17 06:37:57','2018-04-17 06:37:57',NULL),(217,'217','ضمان','2017-05-29 00:00:00','2018-04-30 00:00:00','ساري',0.00,0,0.00,'بدون',NULL,'2018-04-17 06:37:57','2018-04-17 06:37:57',NULL),(218,'218','ضمان','2018-01-04 00:00:00','2020-12-30 00:00:00','ساري',0.00,0,0.00,'بدون',NULL,'2018-04-17 06:37:57','2018-04-17 06:37:57',NULL),(219,'219','ضمان','2016-06-01 00:00:00','2018-05-30 00:00:00','ساري',0.00,0,0.00,'بدون',NULL,'2018-04-17 06:37:58','2018-04-17 06:37:58',NULL),(220,'220','ضمان','2016-06-16 00:00:00','2018-05-30 00:00:00','ساري',0.00,0,0.00,'بدون',NULL,'2018-04-17 06:37:58','2018-04-17 06:37:58',NULL),(221,'221','ضمان','2016-07-18 00:00:00','2018-06-30 00:00:00','ساري',0.00,0,0.00,'بدون',NULL,'2018-04-17 06:37:58','2018-04-17 06:37:58',NULL),(222,'222','ضمان','2016-07-26 00:00:00','2018-06-30 00:00:00','ساري',0.00,0,0.00,'بدون',NULL,'2018-04-17 06:37:59','2018-04-17 06:37:59',NULL),(223,'223','ضمان','2016-07-26 00:00:00','2018-06-30 00:00:00','ساري',0.00,0,0.00,'بدون',NULL,'2018-04-17 06:37:59','2018-04-17 06:37:59',NULL),(224,'224','ضمان','2017-07-18 00:00:00','2018-06-30 00:00:00','ساري',0.00,0,0.00,'بدون',NULL,'2018-04-17 06:37:59','2018-04-17 06:37:59',NULL),(225,'225','ضمان','2017-07-11 00:00:00','2018-06-30 00:00:00','ساري',0.00,0,0.00,'بدون',NULL,'2018-04-17 06:38:00','2018-04-17 06:38:00',NULL),(226,'226','ضمان','2017-07-11 00:00:00','2018-06-30 00:00:00','ساري',0.00,0,0.00,'بدون',NULL,'2018-04-17 06:38:00','2018-04-17 06:38:00',NULL),(227,'227','ضمان','2017-10-23 00:00:00','2018-09-30 00:00:00','ساري',0.00,0,0.00,'بدون',NULL,'2018-04-17 06:38:01','2018-04-17 06:38:01',NULL),(228,'228','ضمان','2017-10-23 00:00:00','2018-09-30 00:00:00','ساري',0.00,0,0.00,'بدون',NULL,'2018-04-17 06:38:01','2018-04-17 06:38:01',NULL),(229,'229','ضمان','2017-12-13 00:00:00','2018-11-30 00:00:00','ساري',0.00,0,0.00,'بدون',NULL,'2018-04-17 06:38:02','2018-04-17 06:38:02',NULL),(230,'230','ضمان','2017-07-31 00:00:00','2018-06-30 00:00:00','ساري',0.00,0,0.00,'بدون',NULL,'2018-04-17 06:38:02','2018-04-17 06:38:02',NULL),(231,'231','ضمان','2017-07-12 00:00:00','2018-06-30 00:00:00','ساري',0.00,0,0.00,'بدون',NULL,'2018-04-17 06:38:02','2018-04-17 06:38:02',NULL),(232,'232','ضمان','2017-07-18 00:00:00','2018-06-30 00:00:00','ساري',0.00,0,0.00,'بدون',NULL,'2018-04-17 06:38:03','2018-04-17 06:38:03',NULL),(233,'233','ضمان','2017-08-14 00:00:00','2018-07-30 00:00:00','ساري',0.00,0,0.00,'بدون',NULL,'2018-04-17 06:38:03','2018-04-17 06:38:03',NULL),(234,'234','ضمان','2017-07-12 00:00:00','2018-06-30 00:00:00','ساري',0.00,0,0.00,'بدون',NULL,'2018-04-17 06:38:04','2018-04-17 06:38:04',NULL),(235,'235','ضمان','2017-07-12 00:00:00','2018-06-30 00:00:00','ساري',0.00,0,0.00,'بدون',NULL,'2018-04-17 06:38:04','2018-04-17 06:38:04',NULL),(236,'236','ضمان','2017-07-11 00:00:00','2018-06-30 00:00:00','ساري',0.00,0,0.00,'بدون',NULL,'2018-04-17 06:38:04','2018-04-17 06:38:04',NULL),(237,'237','ضمان','2017-12-26 00:00:00','2018-11-30 00:00:00','ساري',0.00,0,0.00,'بدون',NULL,'2018-04-17 06:38:05','2018-04-17 06:38:05',NULL),(238,'238','ضمان','2017-07-31 00:00:00','2018-06-30 00:00:00','ساري',0.00,0,0.00,'بدون',NULL,'2018-04-17 06:38:05','2018-04-17 06:38:05',NULL),(239,'239','ضمان','2017-07-31 00:00:00','2018-06-30 00:00:00','ساري',0.00,0,0.00,'بدون',NULL,'2018-04-17 06:38:05','2018-04-17 06:38:05',NULL),(240,'240','ضمان','2017-07-11 00:00:00','2018-06-30 00:00:00','ساري',0.00,0,0.00,'بدون',NULL,'2018-04-17 06:38:06','2018-04-17 06:38:06',NULL),(241,'241','ضمان','2017-07-11 00:00:00','2018-06-30 00:00:00','ساري',0.00,0,0.00,'بدون',NULL,'2018-04-17 06:38:06','2018-04-17 06:38:06',NULL),(242,'242','ضمان','2017-05-23 00:00:00','2018-04-30 00:00:00','ساري',0.00,0,0.00,'بدون',NULL,'2018-04-17 06:38:06','2018-04-17 06:38:07',NULL),(243,'243','ضمان','2018-01-01 00:00:00','2018-12-30 00:00:00','ساري',0.00,0,0.00,'بدون',NULL,'2018-04-17 06:38:07','2018-04-17 06:38:07',NULL),(244,'244','ضمان','2017-09-07 00:00:00','2018-08-30 00:00:00','ساري',0.00,0,0.00,'بدون',NULL,'2018-04-17 06:38:07','2018-04-17 06:38:07',NULL),(245,'245','ضمان','2017-12-28 00:00:00','2018-11-30 00:00:00','ساري',0.00,0,0.00,'بدون',NULL,'2018-04-17 06:38:08','2018-04-17 06:38:08',NULL),(246,'246','ضمان','2016-02-14 00:00:00','2019-01-30 00:00:00','ساري',0.00,0,0.00,'بدون',NULL,'2018-04-17 06:38:08','2018-04-17 06:38:08',NULL),(247,'247','ضمان','2016-02-14 00:00:00','2019-01-30 00:00:00','ساري',0.00,0,0.00,'بدون',NULL,'2018-04-17 06:38:08','2018-04-17 06:38:08',NULL),(248,'248','ضمان','2016-02-14 00:00:00','2019-01-30 00:00:00','ساري',0.00,0,0.00,'بدون',NULL,'2018-04-17 06:38:09','2018-04-17 06:38:09',NULL),(249,'249','ضمان','2017-06-12 00:00:00','2019-05-30 00:00:00','ساري',0.00,0,0.00,'بدون',NULL,'2018-04-17 06:38:10','2018-04-17 06:38:10',NULL),(250,'250','ضمان','2018-03-11 00:00:00','2019-02-28 00:00:00','ساري',0.00,0,0.00,'بدون',NULL,'2018-04-17 06:38:10','2018-04-17 06:38:10',NULL),(251,'251','ضمان','2017-05-07 00:00:00','2018-04-30 00:00:00','ساري',0.00,0,0.00,'بدون',NULL,'2018-04-17 06:38:10','2018-04-17 06:38:10',NULL),(252,'252','ضمان','2017-05-07 00:00:00','2018-04-30 00:00:00','ساري',0.00,0,0.00,'بدون',NULL,'2018-04-17 06:38:11','2018-04-17 06:38:11',NULL),(253,'253','ضمان','2018-01-21 00:00:00','2018-12-30 00:00:00','ساري',0.00,0,0.00,'بدون',NULL,'2018-04-17 06:38:11','2018-04-17 06:38:11',NULL),(254,'254','ضمان','2017-10-02 00:00:00','2018-09-30 00:00:00','ساري',0.00,0,0.00,'بدون',NULL,'2018-04-17 06:38:12','2018-04-17 06:38:12',NULL),(255,'255','ضمان','2017-12-07 00:00:00','2018-11-30 00:00:00','ساري',0.00,0,0.00,'بدون',NULL,'2018-04-17 06:38:12','2018-04-17 06:38:12',NULL),(256,'256','ضمان','2017-12-07 00:00:00','2018-11-30 00:00:00','ساري',0.00,0,0.00,'بدون',NULL,'2018-04-17 06:38:13','2018-04-17 06:38:13',NULL);
/*!40000 ALTER TABLE `contracts` ENABLE KEYS */;
UNLOCK TABLES;

--
-- Table structure for table `customers`
--

DROP TABLE IF EXISTS `customers`;
/*!40101 SET @saved_cs_client     = @@character_set_client */;
/*!40101 SET character_set_client = utf8 */;
CREATE TABLE `customers` (
  `id` int(10) unsigned NOT NULL AUTO_INCREMENT,
  `sector` varchar(191) COLLATE utf8mb4_unicode_ci DEFAULT NULL,
  `code` varchar(191) COLLATE utf8mb4_unicode_ci DEFAULT NULL,
  `name` varchar(191) COLLATE utf8mb4_unicode_ci DEFAULT NULL,
  `type` varchar(191) COLLATE utf8mb4_unicode_ci DEFAULT NULL,
  `email` varchar(191) COLLATE utf8mb4_unicode_ci DEFAULT NULL,
  `website` varchar(191) COLLATE utf8mb4_unicode_ci DEFAULT NULL,
  `responsible_person_name` varchar(191) COLLATE utf8mb4_unicode_ci DEFAULT NULL,
  `responsible_person_phone` varchar(191) COLLATE utf8mb4_unicode_ci DEFAULT NULL,
  `responsible_person_email` varchar(191) COLLATE utf8mb4_unicode_ci DEFAULT NULL,
  `address` varchar(191) COLLATE utf8mb4_unicode_ci DEFAULT NULL,
  `area` varchar(191) COLLATE utf8mb4_unicode_ci DEFAULT NULL,
  `district` varchar(191) COLLATE utf8mb4_unicode_ci DEFAULT NULL,
  `city` varchar(191) COLLATE utf8mb4_unicode_ci DEFAULT NULL,
  `governorate` varchar(191) COLLATE utf8mb4_unicode_ci DEFAULT NULL,
  `administration` varchar(191) COLLATE utf8mb4_unicode_ci DEFAULT NULL,
  `department` varchar(191) COLLATE utf8mb4_unicode_ci DEFAULT NULL,
  `comments` text COLLATE utf8mb4_unicode_ci,
  `accounts_dep_emp_name` varchar(191) COLLATE utf8mb4_unicode_ci DEFAULT NULL,
  `accounts_dep_emp_phone` varchar(191) COLLATE utf8mb4_unicode_ci DEFAULT NULL,
  `accounts_dep_emp_email` varchar(191) COLLATE utf8mb4_unicode_ci DEFAULT NULL,
  `created_at` timestamp NULL DEFAULT NULL,
  `updated_at` timestamp NULL DEFAULT NULL,
  `main_branch_id` int(10) unsigned DEFAULT NULL,
  PRIMARY KEY (`id`),
  KEY `customers_main_branch_id_foreign` (`main_branch_id`),
  CONSTRAINT `customers_main_branch_id_foreign` FOREIGN KEY (`main_branch_id`) REFERENCES `customers` (`id`) ON DELETE CASCADE
) ENGINE=InnoDB AUTO_INCREMENT=257 DEFAULT CHARSET=utf8mb4 COLLATE=utf8mb4_unicode_ci;
/*!40101 SET character_set_client = @saved_cs_client */;

--
-- Dumping data for table `customers`
--

LOCK TABLES `customers` WRITE;
/*!40000 ALTER TABLE `customers` DISABLE KEYS */;
INSERT INTO `customers` VALUES (1,'قطاع حكومي','Gov-Cor-1','شركة جنوب القاهرة لتوزيع الكهرباء','شركات',NULL,NULL,NULL,NULL,NULL,'اما محطة مترو فيصل د5','فيصل',NULL,'الجيزة','الجيزة','مكتب رئيس قطاع تحكمات الدقي ',NULL,'رقم الفكس: ','محمد فرج',NULL,NULL,'2018-04-17 06:36:24','2018-04-17 06:36:24',NULL),(2,'قطاع حكومي','Gov-Cor-2','شركة جنوب القاهرة لتوزيع الكهرباء-الجيزة-الهرم','شركات',NULL,NULL,NULL,NULL,NULL,'ش ستوديو الاهرام','الهرم',NULL,'الجيزة','الجيزة','مكتب رئيس قطاع الشئون التجارية',NULL,'رقم الفكس: ','هدية عفيفى',NULL,NULL,'2018-04-17 06:36:25','2018-04-17 06:36:25',1),(3,'قطاع حكومي','Gov-Minis-3','صندوق دعم وتمويل المشروعات التعليمية','وزارات',NULL,NULL,NULL,NULL,NULL,'ش صالح سليم - خلف برج القاهرة - الجزيرة','الجزيرة',NULL,'القاهرة','القاهرة','مكتب مدير الصندوق',NULL,'رقم الفكس: ',NULL,NULL,NULL,'2018-04-17 06:36:25','2018-04-17 06:36:25',NULL),(4,'قطاع حكومي','Gov-Minis-4','صندوق دعم وتمويل المشروعات التعليمية-القاهرة-الجزيرة','وزارات',NULL,NULL,NULL,NULL,NULL,'ش صالح سليم - خلف برج القاهرة - الجزيرة','الجزيرة',NULL,'القاهرة','القاهرة','الشئون القانونية',NULL,'رقم الفكس: ',NULL,NULL,NULL,'2018-04-17 06:36:26','2018-04-17 06:36:26',3),(5,'قطاع حكومي','Gov-Minis-5','صندوق دعم وتمويل المشروعات التعليمية-القاهرة-الجزيرة','وزارات',NULL,NULL,NULL,NULL,NULL,'ش صالح سليم - خلف برج القاهرة - الجزيرة','الجزيرة',NULL,'القاهرة','القاهرة','السكرتارية و المحفوظات',NULL,'رقم الفكس: ',NULL,NULL,NULL,'2018-04-17 06:36:26','2018-04-17 06:36:26',3),(6,'قطاع حكومي','Gov-Minis-6','صندوق دعم وتمويل المشروعات التعليمية-القاهرة-الجزيرة','وزارات',NULL,NULL,NULL,NULL,NULL,'ش صالح سليم - خلف برج القاهرة - الجزيرة','الجزيرة',NULL,'القاهرة','القاهرة','الموارد البشرية',NULL,'رقم الفكس: ',NULL,NULL,NULL,'2018-04-17 06:36:27','2018-04-17 06:36:27',3),(7,'قطاع حكومي','Gov-Minis-7','صندوق دعم وتمويل المشروعات التعليمية-القاهرة-الزمالك','وزارات',NULL,NULL,NULL,NULL,NULL,'ش صالح سليم ـ الجزيرة','الزمالك',NULL,'القاهرة','القاهرة','ادارة التحصيل',NULL,'رقم الفكس: ','عبير محمود ابراهيم',NULL,NULL,'2018-04-17 06:36:27','2018-04-17 06:36:27',3),(8,'قطاع حكومي','Gov-Minis-8','صندوق دعم وتمويل المشروعات التعليمية-القاهرة-الزمالك','وزارات',NULL,NULL,NULL,NULL,NULL,'ش صالح سليم ـ الجزيرة','الزمالك',NULL,'القاهرة','القاهرة','ادارة التمويل',NULL,'رقم الفكس: ','عبد الرازق',NULL,NULL,'2018-04-17 06:36:27','2018-04-17 06:36:27',3),(9,'قطاع حكومي','Gov-Minis-9','صندوق دعم وتمويل المشروعات التعليمية-القاهرة-الزمالك','وزارات',NULL,NULL,NULL,NULL,NULL,'ش صالح سليم ـ الجزيرة','الزمالك',NULL,'القاهرة','القاهرة','الشئون المالية',NULL,'رقم الفكس: ','تامر مختار شلبى',NULL,NULL,'2018-04-17 06:36:27','2018-04-17 06:36:27',3),(10,'قطاع حكومي','Gov-Minis-10','مؤسسة التضامن للتمويل الاصغر','وزارات',NULL,NULL,NULL,NULL,NULL,'ش المحولات ابراج المروة 3/ محطة مترو الجيزة','الهرم',NULL,'الجيزة','الجيزة','فرع الهرم',NULL,'رقم الفكس: ','احمد صبري',NULL,NULL,'2018-04-17 06:36:28','2018-04-17 06:36:28',NULL),(11,'قطاع حكومي','Gov-Minis-11','مؤسسة التضامن للتمويل الاصغر-الجيزة-','وزارات',NULL,NULL,NULL,NULL,NULL,'ش المحولات ابراج المروة 3/ محطة مترو الجيزة',NULL,NULL,'الجيزة','الجيزة','فرع الهرم',NULL,'رقم الفكس: ','احمد صبري',NULL,NULL,'2018-04-17 06:36:28','2018-04-17 06:36:28',10),(12,'قطاع حكومي ','Pri-Sc-12','ادارة الزاوية الحمراء التعليمية','مدارس',NULL,NULL,NULL,NULL,NULL,'مدرسة بن سينا الاعدادية من ش الشركات','الزاويه الحمراء',NULL,'القاهرة','القاهرة','مكتب المدير العام',NULL,'رقم الفكس: ','ربيع',NULL,NULL,'2018-04-17 06:36:29','2018-04-17 06:36:29',NULL),(13,'قطاع حكومي ','Pri-Sc-13','ادارة الزاوية الحمراء التعليمية-القاهرة-الزاويه الحمراء','مدارس',NULL,NULL,'ا وديع',NULL,NULL,'مدرسة اسماعيل القباني ش دايرة الناحية خلف مساكن الزاوية','الزاويه الحمراء',NULL,'القاهرة','القاهرة',NULL,NULL,'رقم الفكس: ',NULL,NULL,NULL,'2018-04-17 06:36:29','2018-04-17 06:36:29',12),(14,'قطاع حكومي ','Pri-Minis-14','الاكاديمية العربية للعلوم والتكنولوجيا','وزارات','a_bahaa99@yahoo,com',NULL,NULL,NULL,NULL,'القرية الذكية','القرية الذكية',NULL,'الجيزة','الجيزة','ميكانيكا',NULL,'رقم الفكس: ','د/احمد بهاء',NULL,NULL,'2018-04-17 06:36:30','2018-04-17 06:36:30',NULL),(15,'قطاع حكومي ','Pri-Minis-15','الاكاديمية العربية للعلوم والتكنولوجيا-الجيزة-القرية الذكية','وزارات',NULL,NULL,NULL,NULL,NULL,'القرية الذكية','القرية الذكية',NULL,'الجيزة','الجيزة','جامعة لندن',NULL,'رقم الفكس: ','لمياء العزازي',NULL,NULL,'2018-04-17 06:36:30','2018-04-17 06:36:30',14),(16,'قطاع حكومي ','Pri-Hl-16','المعهد القومى للاورام','مستشفيات',NULL,NULL,'احمد عبد الرحيم',NULL,NULL,'جامعة القاهرة مدينة الشيخ زايد بجوار هايبر وان','الشيخ زايد',NULL,'الجيزة','الجيزة','الشئون الادارية',NULL,'رقم الفكس: ',NULL,NULL,NULL,'2018-04-17 06:36:31','2018-04-17 06:36:31',NULL),(17,'قطاع حكومي','Gov-Minis-17','سفارة السويد','وزارات',NULL,NULL,'اميرة خليل',NULL,NULL,'ش محمد مظهر','الزمالك',NULL,'القاهرة','القاهرة',NULL,NULL,'رقم الفكس: ',NULL,NULL,NULL,'2018-04-17 06:36:32','2018-04-17 06:36:32',NULL),(18,'قطاع حكومي','Gov-Cor-18','شركة النيل العامة للانشاء والرصف','شركات',NULL,NULL,NULL,NULL,NULL,'ش الفلكى ','باب اللوق',NULL,'القاهرة','القاهرة','رئيس قطاع الانشاءات والكبارى',NULL,'رقم الفكس: ','اشرف درغام',NULL,NULL,'2018-04-17 06:36:33','2018-04-17 06:36:33',NULL),(19,'قطاع حكومي','Gov-Cor-19','شركة جنوب القاهرة لتوزيع الكهرباء-القاهرة-السبتية','شركات',NULL,NULL,NULL,NULL,NULL,'ش السبتية','السبتية',NULL,'القاهرة','القاهرة','قطاع الورش والنقل ( ورشة المحولات)',NULL,'رقم الفكس: ','م / محمد عبدربه',NULL,NULL,'2018-04-17 06:36:33','2018-04-17 06:36:33',1),(20,'قطاع حكومي','Gov-Cor-20','شركة جنوب القاهرة لتوزيع الكهرباء-الجيزة-كرداسة','شركات',NULL,NULL,NULL,NULL,NULL,'ش سعد زغلول بجوار امجز الالي ','كرداسة',NULL,'الجيزة','الجيزة','المدير العام',NULL,'رقم الفكس: ','صبري عيد الحفيظ',NULL,NULL,'2018-04-17 06:36:34','2018-04-17 06:36:34',1),(21,'قطاع حكومي','Gov-Cor-21','شركة جنوب القاهرة لتوزيع الكهرباء-الجيزة-الشيخ زايد','شركات',NULL,NULL,NULL,NULL,NULL,'الحي الاول المجاورة الاولي الشيخ زايد','الشيخ زايد',NULL,'الجيزة','الجيزة','مكتب مدير عام الشبكات شبكات الشيخ زايد',NULL,'رقم الفكس: ','سناء متولي',NULL,NULL,'2018-04-17 06:36:34','2018-04-17 06:36:34',1),(22,'قطاع حكومي','Gov-Cor-22','شركة جنوب القاهرة لتوزيع الكهرباء-القاهرة-السبتية','شركات',NULL,NULL,NULL,NULL,NULL,'ش شنن د3','السبتية',NULL,'القاهرة','القاهرة','مكتب  مدير عام الادارة الطبية - الحسابات الطبية',NULL,'رقم الفكس: ','عادل عويس',NULL,NULL,'2018-04-17 06:36:34','2018-04-17 06:36:34',1),(23,'قطاع حكومي','Gov-Cor-23','شركة جنوب القاهرة لتوزيع الكهرباء-الجيزة-مدينة اكتوبر','شركات',NULL,NULL,NULL,NULL,NULL,'المنطقة الصناعية الرابعة ـ الحى ال 12','مدينة اكتوبر',NULL,'الجيزة','الجيزة','ايرادات 6 اكتوبر',NULL,'رقم الفكس: ','زينب ابراهيم محمد',NULL,NULL,'2018-04-17 06:36:35','2018-04-17 06:36:35',1),(24,'قطاع حكومي','Gov-Cor-24','شركة جنوب القاهرة لتوزيع الكهرباء-الجيزة-كرداسة','شركات',NULL,NULL,NULL,NULL,NULL,'ش سعد زغلول بجوار المجزر الآلى','كرداسة',NULL,'الجيزة','الجيزة','الادارة العامة لشبكات شمال الجيزة 1',NULL,'رقم الفكس: ','محمد سيد احمد',NULL,NULL,'2018-04-17 06:36:35','2018-04-17 06:36:35',1),(25,'قطاع حكومي','Gov-Cor-25','شركة جنوب القاهرة لتوزيع الكهرباء-القاهرة-السبتية','شركات',NULL,NULL,NULL,NULL,NULL,'ش السبتية ـ الدور الرابع','السبتية',NULL,'القاهرة','القاهرة','قسم تحكم 26 يوليو',NULL,'رقم الفكس: ','م/ وائل على شحاتة',NULL,NULL,'2018-04-17 06:36:36','2018-04-17 06:36:36',1),(26,'قطاع حكومي','Gov-Cor-26','شركة جنوب القاهرة لتوزيع الكهرباء-الجيزة-مدينة اكتوبر','شركات',NULL,NULL,NULL,NULL,NULL,'الدور 3','مدينة اكتوبر',NULL,'الجيزة','الجيزة','مكتب خدمة المستثمرين',NULL,'رقم الفكس: ','على محمد',NULL,NULL,'2018-04-17 06:36:36','2018-04-17 06:36:36',1),(27,'قطاع حكومي','Gov-Cor-27','شركة جنوب القاهرة لتوزيع الكهرباء-الجيزة-مدينة اكتوبر','شركات',NULL,NULL,NULL,NULL,NULL,NULL,'مدينة اكتوبر',NULL,'الجيزة','الجيزة','مكتب رئيس قطاع شبكات 6 اكتوبر',NULL,'رقم الفكس: ','شمال الجيزة لتوزبع الكهرباء',NULL,NULL,'2018-04-17 06:36:37','2018-04-17 06:36:37',1),(28,'قطاع حكومي','Gov-Cor-28','شركة جنوب القاهرة لتوزيع الكهرباء-الجيزة-مدينة اكتوبر','شركات',NULL,NULL,NULL,NULL,NULL,'الحى الاول  ـ المجاورة الاولى','مدينة اكتوبر',NULL,'الجيزة','الجيزة','الادارة العامة لشبكات الشيخ زايد',NULL,'رقم الفكس: ','سناء متولى',NULL,NULL,'2018-04-17 06:36:37','2018-04-17 06:36:37',1),(29,'قطاع حكومي','Gov-Cor-29','شركة جنوب القاهرة لتوزيع الكهرباء-الوادي الجديد-الواحات البحريه','شركات',NULL,NULL,NULL,NULL,NULL,'البويطى','الواحات البحريه',NULL,'الوادي الجديد','الوادي الجديد','ايرادات الواحات البحرية',NULL,'رقم الفكس: ','احمد وصفى',NULL,NULL,'2018-04-17 06:36:38','2018-04-17 06:36:38',1),(30,'قطاع حكومي','Gov-Cor-30','شركة جنوب القاهرة لتوزيع الكهرباء-القاهرة-السبتية','شركات',NULL,NULL,'ممدوح شاهين',NULL,NULL,'ش السبتية','السبتية',NULL,'القاهرة','القاهرة','ادارة وقاية جنوب',NULL,'رقم الفكس: ',NULL,NULL,NULL,'2018-04-17 06:36:39','2018-04-17 06:36:39',1),(31,'قطاع حكومي','Gov-Cor-31','شركة جنوب القاهرة لتوزيع الكهرباء-الجيزة-الشيخ زايد','شركات',NULL,NULL,NULL,NULL,NULL,'الحى الاول - المجاورة الاولى بجوار سنتر المهندسين','الشيخ زايد',NULL,'الجيزة','الجيزة','مدير عام شبكات الشيخ زايد',NULL,'رقم الفكس: ',NULL,NULL,NULL,'2018-04-17 06:36:40','2018-04-17 06:36:40',1),(32,'قطاع حكومي','Gov-Minis-32','عموم هندسة السكك الحديد','وزارات',NULL,NULL,NULL,NULL,NULL,'ميدان رمسيس','رمسيس',NULL,'القاهرة','القاهرة','ادارة مشروعات هندسة سكك الحديد',NULL,'رقم الفكس: ','اشرف درغام',NULL,NULL,'2018-04-17 06:36:40','2018-04-17 06:36:40',NULL),(33,'قطاع حكومي ','Pri-Minis-33','الاكاديمية العربية للعلوم والتكنولوجيا-القاهرة-مساكن شيراتون','وزارات',NULL,NULL,NULL,NULL,NULL,'مساكن شيراتون','مساكن شيراتون',NULL,'القاهرة','القاهرة','كلية اللغة والاعلام مكتب الدكتور العميد',NULL,'رقم الفكس: ','مني احمد',NULL,NULL,'2018-04-17 06:36:41','2018-04-17 06:36:41',14),(34,'قطاع حكومي ','Pri-Minis-34','الشركة المصرية لخدمات الطيران','وزارات',NULL,NULL,NULL,NULL,NULL,NULL,'مطار القاهرة',NULL,'القاهرة','القاهرة','ادارة التدريب',NULL,'رقم الفكس: ','روماني ثابت',NULL,NULL,'2018-04-17 06:36:42','2018-04-17 06:36:42',NULL),(35,'قطاع حكومي','Gov-Minis-35','الهيئة العامة للاستثمار والمناطق الحرة','وزارات',NULL,NULL,NULL,NULL,NULL,'بجوار ارض المعارض','صلاح سالم',NULL,'القاهرة','القاهرة','المكتب الفنى',NULL,'رقم الفكس: ','امام فتح الباب محمد',NULL,NULL,'2018-04-17 06:36:42','2018-04-17 06:36:42',NULL),(36,'قطاع حكومي','Gov-Minis-36','جامعة عين شمس ـ كلية الهندسة','وزارات',NULL,NULL,'سامح',NULL,NULL,'ش السرايات - ميدان عبده باشا ','العباسية',NULL,'القاهرة','القاهرة','وحد استشارات هندسة الطرق الاشغال العامة',NULL,'رقم الفكس: ',NULL,NULL,NULL,'2018-04-17 06:36:43','2018-04-17 06:36:43',NULL),(37,'قطاع حكومي','Gov-Minis-37','مجلس الدولة','وزارات',NULL,NULL,NULL,NULL,NULL,'العباسية','العباسية',NULL,'القاهرة','القاهرة','اللجنة الثانية',NULL,'رقم الفكس: ',NULL,NULL,NULL,'2018-04-17 06:36:43','2018-04-17 06:36:43',NULL),(38,'قطاع حكومي','Gov-Minis-38','مجلس الدولة-القاهرة-العباسية','وزارات',NULL,NULL,NULL,NULL,NULL,'مجمع محاكم دور9','العباسية',NULL,'القاهرة','القاهرة','اللجنة الثالثة لقسم الفتوى',NULL,'رقم الفكس: ','احمد محمد حسنين',NULL,NULL,'2018-04-17 06:36:44','2018-04-17 06:36:44',37),(39,'قطاع حكومي','Gov-Minis-39','مجلس الدولة-القاهرة-العباسية','وزارات',NULL,NULL,NULL,NULL,NULL,'هيئة المفوضين - الدور الثالث','العباسية',NULL,'القاهرة','القاهرة','هيئة مفوض المحاكم الادارية ',NULL,'رقم الفكس: ','عمر محمد رشاد',NULL,NULL,'2018-04-17 06:36:44','2018-04-17 06:36:44',37),(40,'قطاع حكومي','Gov-Hl-40','مستشفي عين شمس التخصصي','مستشفيات',NULL,NULL,NULL,NULL,NULL,'العباسية','العباسية',NULL,'القاهرة','القاهرة','قسم الطوارئ',NULL,'رقم الفكس: ',NULL,NULL,NULL,'2018-04-17 06:36:45','2018-04-17 06:36:45',NULL),(41,'قطاع حكومي','Gov-Hl-41','مستشفي عين شمس التخصصي-القاهرة-العباسية','مستشفيات',NULL,NULL,NULL,NULL,NULL,'العباسية','العباسية',NULL,'القاهرة','القاهرة','المشتريات',NULL,'رقم الفكس: ',NULL,NULL,NULL,'2018-04-17 06:36:45','2018-04-17 06:36:46',40),(42,'قطاع حكومي','Gov-Minis-42','معهد التخطيط القومى','وزارات',NULL,NULL,NULL,NULL,NULL,'ش صلاح سالم تقاطع الطيران','صلاح سالم',NULL,'القاهرة','القاهرة','ادارة المطبعة و التصوير',NULL,'رقم الفكس: ','اسماعيل خليل',NULL,NULL,'2018-04-17 06:36:46','2018-04-17 06:36:46',NULL),(43,'قطاع حكومي','Gov-Minis-43','معهد التخطيط القومى-القاهرة-صلاح سالم','وزارات',NULL,NULL,NULL,NULL,NULL,'ش صلاح سالم تقاطع الطيران','صلاح سالم',NULL,'القاهرة','القاهرة','ادارة المطبعة و التصوير',NULL,'رقم الفكس: ','اسماعيل خليل',NULL,NULL,'2018-04-17 06:36:46','2018-04-17 06:36:46',42),(44,'قطاع حكومي ','Pri-Minis-44','اكاديمية الشرطة ','وزارات',NULL,NULL,NULL,NULL,NULL,'التجمع الاول بوابة 10','التجمع الاول',NULL,'القاهرة','القاهرة','مركز بحوث الشرطة',NULL,'رقم الفكس: ','عميد / ايمن ابو سنه',NULL,NULL,'2018-04-17 06:36:47','2018-04-17 06:36:47',NULL),(45,'قطاع حكومي ','Pri-Minis-45','اكاديمية الشرطة -القاهرة-التجمع الاول','وزارات',NULL,NULL,NULL,NULL,NULL,'التجمع الاول بوابة 10','التجمع الاول',NULL,'القاهرة','القاهرة','مركز بحوث الشرطة',NULL,'رقم الفكس: ','عميد / ايمن ابو سنه',NULL,NULL,'2018-04-17 06:36:47','2018-04-17 06:36:47',44),(46,'قطاع حكومي ','Pri-Minis-46','اكاديمية الشرطة -القاهرة-القاهرة الجديدة','وزارات',NULL,NULL,'عميد ايمن ابو سنة',NULL,NULL,'التجمع الاول - امام اللولو ماركت','القاهرة الجديدة',NULL,'القاهرة','القاهرة','مركز بحوث الشرطة',NULL,'رقم الفكس: ','ايمن ابو سنة',NULL,NULL,'2018-04-17 06:36:48','2018-04-17 06:36:48',44),(47,'قطاع خاص','Pri-Cor-47','شركة القاهرة الجديدة لتصنبع اللحوم والدواجن','شركات',NULL,NULL,NULL,NULL,NULL,'منطقة الالف مصنع','القاهرة الجديدة',NULL,'القاهرة','القاهرة','الحسابات',NULL,'رقم الفكس: ',NULL,NULL,NULL,'2018-04-17 06:36:48','2018-04-17 06:36:48',NULL),(48,'قطاع خاص','Pri-Cor-48','شركة كايرو ثرى ايه للشحن والتفريغ','شركات','mohamed.shaban@cairo3a.net',NULL,NULL,NULL,NULL,'مركز خدمات التجمع - بجوار مسجد الحمد ','التجمع الخامس',NULL,'القاهرة','القاهرة','ادارة المشروعات ',NULL,'رقم الفكس: ','محمد بيومى ',NULL,NULL,'2018-04-17 06:36:48','2018-04-17 06:36:48',NULL),(49,'قطاع خاص','Pri-Inst-49','ماس ديستربيوشن ','مؤسسة',NULL,NULL,NULL,NULL,NULL,'ش البنفسج','التجمع الاول',NULL,'القاهرة','القاهرة',NULL,NULL,'رقم الفكس: ','باسم عبدالله',NULL,NULL,'2018-04-17 06:36:49','2018-04-17 06:36:49',NULL),(50,'قطاع حكومي','Gov-Minis-50','وزارة الداخلية الادراة العامة للشئون القانونية','وزارات',NULL,NULL,NULL,NULL,NULL,'التجمع الاول مبني وزارة الداخلية بوابة 2','التجمع الاول',NULL,'القاهرة','القاهرة','الشئون القانونية',NULL,'رقم الفكس: ','عصام محمد',NULL,NULL,'2018-04-17 06:36:49','2018-04-17 06:36:49',NULL),(51,'قطاع حكومي','Gov-Minis-51','وزارة الداخلية الادراة العامة للشئون القانونية-القاهرة-التجمع الاول','وزارات',NULL,NULL,NULL,NULL,NULL,'التجمع الاول مبني وزارة الداخلية بوابة 2','التجمع الاول',NULL,'القاهرة','القاهرة','الشئون القانونية',NULL,'رقم الفكس: ','عصام محمد',NULL,NULL,'2018-04-17 06:36:49','2018-04-17 06:36:49',50),(52,'قطاع حكومي','Gov-Minis-52','صندوق التأمين الخاص للعاملين بمركز البحوث الزراعية','وزارات',NULL,NULL,NULL,NULL,NULL,'ش جامعة القاهرة - الجيزة',NULL,NULL,'الجيزة','الجيزة','صندوق التامين الخاص',NULL,'رقم الفكس: ','نبيل مصطفى',NULL,NULL,'2018-04-17 06:36:50','2018-04-17 06:36:50',NULL),(53,'قطاع حكومي','Gov-Minis-53','مجلس الدولة-الجيزة-الدقى','وزارات',NULL,NULL,NULL,NULL,NULL,'ش عصام الدالي الدقي د6 غرفة 629','الدقى',NULL,'الجيزة','الجيزة','مكتب المستشار طه بك',NULL,'رقم الفكس: ','وليد حسن',NULL,NULL,'2018-04-17 06:36:51','2018-04-17 06:36:51',37),(54,'قطاع حكومي','Gov-Minis-54','مجلس الدولة-الجيزة-الدقى','وزارات',NULL,NULL,NULL,NULL,NULL,'ش عصام الدالي الدقي د6 غرفة 629','الدقى',NULL,'الجيزة','الجيزة','مكتب رئيس المجلس',NULL,'رقم الفكس: ','احمد فرج',NULL,NULL,'2018-04-17 06:36:51','2018-04-17 06:36:51',37),(55,'قطاع حكومي','Gov-Minis-55','مجلس الدولة-الجيزة-الدقى','وزارات',NULL,NULL,NULL,NULL,NULL,'ش عصام الدالي الدقي د6 غرفة 629','الدقى',NULL,'الجيزة','الجيزة','الدائرة الثامنة فحص عليا',NULL,'رقم الفكس: ','عمرو ابراهيم',NULL,NULL,'2018-04-17 06:36:52','2018-04-17 06:36:52',37),(56,'قطاع حكومي','Gov-Minis-56','مجلس الدولة-الجيزة-الدقى','وزارات',NULL,NULL,NULL,NULL,NULL,'ش عصام الدالي الدقي د9 غرفة 925','الدقى',NULL,'الجيزة','الجيزة','مكتب رئيس المجلس د9 غرفة 925',NULL,'رقم الفكس: ','سعيد محمد',NULL,NULL,'2018-04-17 06:36:52','2018-04-17 06:36:52',37),(57,'قطاع حكومي','Gov-Minis-57','مجلس الدولة-الجيزة-الدقى','وزارات',NULL,NULL,NULL,NULL,NULL,'ش عصام الدالي ','الدقى',NULL,'الجيزة','الجيزة','الدائرة الثامنة فحص عليا الدور الارضي قاعة 3',NULL,'رقم الفكس: ',NULL,NULL,NULL,'2018-04-17 06:36:53','2018-04-17 06:36:53',37),(58,'قطاع حكومي','Gov-Minis-58','مجلس الدولة-الجيزة-الدقى','وزارات',NULL,NULL,NULL,NULL,NULL,'ش عصام الدالي ','الدقى',NULL,'الجيزة','الجيزة','الدائرة الثامنة فحص عليا الدور الارضي قاعة 3',NULL,'رقم الفكس: ',NULL,NULL,NULL,'2018-04-17 06:36:53','2018-04-17 06:36:53',37),(59,'قطاع حكومي','Gov-Minis-59','مجلس الدولة-الجيزة-الدقى','وزارات',NULL,NULL,NULL,NULL,NULL,'ش عصام الدالي ','الدقى',NULL,'الجيزة','الجيزة','مكتب المستشار عيد احمد حسانين عضو لجنة الحصر والاحصاء غرفة 224',NULL,'رقم الفكس: ',NULL,NULL,NULL,'2018-04-17 06:36:54','2018-04-17 06:36:54',37),(60,'قطاع حكومي','Gov-Minis-60','مجلس الدولة-الجيزة-الدقى','وزارات',NULL,NULL,NULL,NULL,NULL,'ش عصام الدالي ','الدقى',NULL,'الجيزة','الجيزة','الدائرة التاسعة فحص عليا',NULL,'رقم الفكس: ','سيد احمد',NULL,NULL,'2018-04-17 06:36:54','2018-04-17 06:36:54',37),(61,'قطاع حكومي','Gov-Minis-61','مجلس الدولة-الجيزة-الدقى','وزارات',NULL,NULL,NULL,NULL,NULL,'ش عصام الدالي ','الدقى',NULL,'الجيزة','الجيزة','د2',NULL,'رقم الفكس: .','محمد احمد',NULL,NULL,'2018-04-17 06:36:54','2018-04-17 06:36:54',37),(62,'قطاع حكومي','Gov-Minis-62','مجلس الدولة-الجيزة-الدقى','وزارات',NULL,NULL,NULL,NULL,NULL,'ش عصام الدالي ','الدقى',NULL,'الجيزة','الجيزة','مكتب المستشار ناجي بك سعيد',NULL,'رقم الفكس: ','رضا محمد',NULL,NULL,'2018-04-17 06:36:55','2018-04-17 06:36:55',37),(63,'قطاع حكومي','Gov-Minis-63','مجلس الدولة-الجيزة-الدقى','وزارات',NULL,NULL,NULL,NULL,NULL,'ش عصام الدالي ','الدقى',NULL,'الجيزة','الجيزة','مكتب المستشار احمد بك زكي',NULL,'رقم الفكس: ','رضا محمد',NULL,NULL,'2018-04-17 06:36:55','2018-04-17 06:36:55',37),(64,'قطاع حكومي','Gov-Minis-64','مجلس الدولة-الجيزة-الدقى','وزارات',NULL,NULL,'عبد الرحمن',NULL,NULL,'ش عصام الدالي ','الدقى',NULL,'الجيزة','الجيزة','ادارة الجدول - القضاء الاداري',NULL,'رقم الفكس: ',NULL,NULL,NULL,'2018-04-17 06:36:56','2018-04-17 06:36:56',37),(65,'قطاع حكومي','Gov-Minis-65','مجلس الدولة-الجيزة-الدقى','وزارات',NULL,NULL,'شريف محمد',NULL,NULL,'ش عصام الدالي ','الدقى',NULL,'الجيزة','الجيزة','امانة سر المجلس الخاص',NULL,'رقم الفكس: ',NULL,NULL,NULL,'2018-04-17 06:36:56','2018-04-17 06:36:56',37),(66,'قطاع حكومي','Gov-Minis-66','مجلس الدولة-الجيزة-الدقى','وزارات',NULL,NULL,'اشرف توفيق',NULL,NULL,NULL,'الدقى',NULL,'الجيزة','الجيزة','دائرة 17 قضاء اداري',NULL,'رقم الفكس: ',NULL,NULL,NULL,'2018-04-17 06:36:56','2018-04-17 06:36:56',37),(67,'قطاع حكومي','Gov-Minis-67','مجلس الدولة-الجيزة-الجيزة','وزارات',NULL,NULL,NULL,NULL,NULL,'ش همدان من ش عبد المنعم الشرقاوى ش مراد د7','الجيزة',NULL,'الجيزة','الجيزة','مكتب رئيس المحاكم للقضاء لاداري',NULL,'رقم الفكس: ','محمد ثروت',NULL,NULL,'2018-04-17 06:36:57','2018-04-17 06:36:57',37),(68,'قطاع حكومي','Gov-Minis-68','مجلس الدولة-الجيزة-الدقى','وزارات',NULL,NULL,NULL,NULL,NULL,'ش عصام الدالى  دور 7 غرفة 717','الدقى',NULL,'الجيزة','الجيزة','مكتب رئيس الدائرة اول فحص عليا',NULL,'رقم الفكس: ',NULL,NULL,NULL,'2018-04-17 06:36:57','2018-04-17 06:36:57',37),(69,'قطاع حكومي','Gov-Minis-69','مجلس الدولة-الجيزة-','وزارات',NULL,NULL,NULL,NULL,NULL,'ش احمد نسيم',NULL,NULL,'الجيزة','الجيزة','المحكمة التأديبية',NULL,'رقم الفكس: ',NULL,NULL,NULL,'2018-04-17 06:36:57','2018-04-17 06:36:58',37),(70,'قطاع حكومي','Gov-Minis-70','مجلس الدولة-الجيزة-الدقى','وزارات',NULL,NULL,NULL,NULL,NULL,'ش عماد الدالى','الدقى',NULL,'الجيزة','الجيزة','المخازن والتوريدات -البدروم',NULL,'رقم الفكس: ',NULL,NULL,NULL,'2018-04-17 06:36:58','2018-04-17 06:36:58',37),(71,'قطاع حكومي','Gov-Minis-71','مجلس الدولة-الجيزة-الدقى','وزارات',NULL,NULL,NULL,NULL,NULL,'ش عصام الدالى مبنى القصر الدور 1','الدقى',NULL,'الجيزة','الجيزة','مكتب رئيس المجلس',NULL,'رقم الفكس: ',NULL,NULL,NULL,'2018-04-17 06:36:58','2018-04-17 06:36:58',37),(72,'قطاع حكومي','Gov-Minis-72','مجلس الدولة-الجيزة-الدقى','وزارات',NULL,NULL,NULL,NULL,NULL,'ش عصام الدالى مبنى القصر ','الدقى',NULL,'الجيزة','الجيزة','الجمعية العمومية لقسم الفتوى والتشريع (نائب اول رئيس المجلس)',NULL,'رقم الفكس: ',NULL,NULL,NULL,'2018-04-17 06:36:58','2018-04-17 06:36:58',37),(73,'قطاع حكومي','Gov-Minis-73','مجلس الدولة-الجيزة-الدقى','وزارات',NULL,NULL,NULL,NULL,NULL,'ش عصام الدالى مبنى القصر ','الدقى',NULL,'الجيزة','الجيزة','الحاسب الالى',NULL,'رقم الفكس: ','غرفة 417  دور 4',NULL,NULL,'2018-04-17 06:36:59','2018-04-17 06:36:59',37),(74,'قطاع حكومي','Gov-Minis-74','مجلس الدولة-الجيزة-الدقى','وزارات',NULL,NULL,NULL,NULL,NULL,'ش عصام الدالى مبنى القصر ','الدقى',NULL,'الجيزة','الجيزة','مكتب انور بك - دور 10',NULL,'رقم الفكس: ',NULL,NULL,NULL,'2018-04-17 06:36:59','2018-04-17 06:36:59',37),(75,'قطاع حكومي','Gov-Minis-75','مجلس الدولة-الجيزة-الدقى','وزارات',NULL,NULL,NULL,NULL,NULL,'ش عصام الدالى الدور5 غرفة 501 ','الدقى',NULL,'الجيزة','الجيزة','رئيس المحاكم الادارية والتاديبية',NULL,'رقم الفكس: ','محمد نبيل عرفة',NULL,NULL,'2018-04-17 06:37:00','2018-04-17 06:37:00',37),(76,'قطاع حكومي','Gov-Minis-76','مجلس الدولة-الجيزة-الدقى','وزارات',NULL,NULL,NULL,NULL,NULL,'ش عصام الدالى الدور5 قاعة 3','الدقى',NULL,'الجيزة','الجيزة','هيئة المفوضين - المكتب الفنى',NULL,'رقم الفكس: ','حسين محمد',NULL,NULL,'2018-04-17 06:37:00','2018-04-17 06:37:00',37),(77,'قطاع حكومي','Gov-Minis-77','مجلس الدولة-الجيزة-الدقى','وزارات',NULL,NULL,NULL,NULL,NULL,'ش عصام الدالى الدور5 قاعة 4','الدقى',NULL,'الجيزة','الجيزة','هيئة المفوضين ',NULL,'رقم الفكس: ','علي احمد محمد',NULL,NULL,'2018-04-17 06:37:00','2018-04-17 06:37:00',37),(78,'قطاع حكومي','Gov-Minis-78','مجلس الدولة-الجيزة-الدقى','وزارات',NULL,NULL,NULL,NULL,NULL,'ش عصام الدالى الدور4 غرفة421','الدقى',NULL,'الجيزة','الجيزة','الدائرة الخامسة القضاء الادارى',NULL,'رقم الفكس: ','اسعد سيد',NULL,NULL,'2018-04-17 06:37:01','2018-04-17 06:37:01',37),(79,'قطاع حكومي','Gov-Minis-79','مجلس الدولة-الجيزة-الدقى','وزارات',NULL,NULL,NULL,NULL,NULL,'ش عصام الدالى الدور5 غرفة 505','الدقى',NULL,'الجيزة','الجيزة','هيئة مفوضين الدولة -الدايرة 6عليا',NULL,'رقم الفكس: ','عادل عبدالله',NULL,NULL,'2018-04-17 06:37:02','2018-04-17 06:37:02',37),(80,'قطاع حكومي','Gov-Minis-80','مجلس الدولة-الجيزة-الدقى','وزارات',NULL,NULL,NULL,NULL,NULL,'ش عصام الدالى دور2 غرفة 205','الدقى',NULL,'الجيزة','الجيزة','المحكمة التاديبية لمستوى الادارة العليا',NULL,'رقم الفكس: ','هيثم محمد عبد العظيم',NULL,NULL,'2018-04-17 06:37:02','2018-04-17 06:37:02',37),(81,'قطاع حكومي ','Pri-Sc-81','ادارة السيدة زينب التعليمية','مدارس',NULL,NULL,NULL,NULL,NULL,NULL,'السيدة زينب',NULL,'القاهرة','القاهرة','المطبعة',NULL,'رقم الفكس: ',NULL,NULL,NULL,'2018-04-17 06:37:02','2018-04-17 06:37:02',NULL),(82,'قطاع حكومي ','Pri-Sc-82','ادارة غرب القاهرة التعليمية','مدارس',NULL,NULL,NULL,NULL,NULL,'مجمع التحرير الدور 7','التحرير',NULL,'القاهرة','القاهرة','مركز المعلومات',NULL,'رقم الفكس: ',NULL,NULL,NULL,'2018-04-17 06:37:03','2018-04-17 06:37:03',NULL),(83,'قطاع حكومي','Gov-Minis-83','مديرية الطرق والنقل','وزارات',NULL,NULL,NULL,NULL,NULL,'مجمع التحرير الدور الارضي','التحرير',NULL,'القاهرة','القاهرة','مكتب مدير المديرية',NULL,'رقم الفكس: ','سوسن يوسف',NULL,NULL,'2018-04-17 06:37:03','2018-04-17 06:37:03',NULL),(84,'قطاع حكومي','Gov-Hl-84','مستشفى احمد ماهر التعليمى','مستشفيات',NULL,NULL,NULL,NULL,NULL,'شارع بورسعيد','باب الخلق',NULL,'القاهرة','القاهرة','وحدة مكافحة التلوث',NULL,'رقم الفكس: ','شيماء محمد عبد اللطيف',NULL,NULL,'2018-04-17 06:37:03','2018-04-17 06:37:03',NULL),(85,'قطاع حكومي','Gov-Minis-85','وزارة التربية والتعليم','وزارات',NULL,NULL,NULL,NULL,NULL,'الفلكي - سعد زغلول','الفلكى',NULL,'القاهرة','القاهرة','الادارة العامة لخدمة المواطنين -المدير عام',NULL,'رقم الفكس: ','ايمن حسين',NULL,NULL,'2018-04-17 06:37:04','2018-04-17 06:37:04',NULL),(86,'قطاع حكومي','Gov-Minis-86','وزارة التربية والتعليم-القاهرة-الفلكى','وزارات',NULL,NULL,NULL,NULL,NULL,'الفلكي - سعد زغلول','الفلكى',NULL,'القاهرة','القاهرة','الادارة العامة لخدمة المواطنين ',NULL,'رقم الفكس: ','ايمن حسين',NULL,NULL,'2018-04-17 06:37:04','2018-04-17 06:37:04',85),(87,'قطاع خاص','Pri-Cor-87','الشركة الاستشارية لادارة مشروعات التشييد','شركات','Info@cpmegypt.com',NULL,NULL,NULL,NULL,'ش محمد الرازى - الحى السابع - خلف مطعم البرج - سوبر ماركت المصرية ','مدينة نصر ',NULL,'القاهرة','القاهرة','سكرتير رئيس مجلس الادارة ',NULL,'رقم الفكس: 20803764','احمد عبده &رامى ',NULL,NULL,'2018-04-17 06:37:05','2018-04-17 06:37:05',NULL),(88,'قطاع خاص','Pri-Cor-88','الشركة الاستشارية لادارة مشروعات التشييد-القاهرة-مدينة نصر ','شركات','Info@cpmegypt.com',NULL,'محمد عبد المقصود',NULL,NULL,'ش محمد الرازى - الحى السابع - خلف مطعم البرج - سوبر ماركت المصرية ','مدينة نصر ',NULL,'القاهرة','القاهرة','ريسبشن التخطيط',NULL,'رقم الفكس: 20803764','احمد عبده &رامى ',NULL,NULL,'2018-04-17 06:37:05','2018-04-17 06:37:05',87),(89,'قطاع خاص','Pri-Cor-89','ام ام جروب','شركات',NULL,NULL,NULL,NULL,NULL,'جوزبف تيتو - النزهة الجديدة','النزهة الجديدة',NULL,'القاهرة','القاهرة','الادارة',NULL,'رقم الفكس: ',NULL,NULL,NULL,'2018-04-17 06:37:06','2018-04-17 06:37:06',NULL),(90,'قطاع حكومي ','Pri-Bn-90','بنك مصر','بنوك',NULL,NULL,NULL,NULL,NULL,'ش السعادة امام نادى هوليوليدو ـ روكسى','مصر الجديدة',NULL,'القاهرة','القاهرة','ادارة استمرارية الاعمال',NULL,'رقم الفكس: ','محمد صلاح',NULL,NULL,'2018-04-17 06:37:06','2018-04-17 06:37:06',NULL),(91,'قطاع حكومي','Gov-Inst-91','رئاسة الجمهورية','مؤسسة',NULL,NULL,'احمد عزت',NULL,NULL,'قصر الاتحادية','مصر الجديدة',NULL,'القاهرة','القاهرة','مكتب السيد رئيس الديوان',NULL,'رقم الفكس: ','هاني عبد الحي',NULL,NULL,'2018-04-17 06:37:06','2018-04-17 06:37:06',NULL),(92,'قطاع خاص','Pri-Cor-92','شركة الطارق للسياحة','شركات',NULL,NULL,NULL,NULL,NULL,'برج العروبة - خلف ابو شقرة - الميرغنى','مصر الجديدة',NULL,'القاهرة','القاهرة',NULL,NULL,'رقم الفكس: ',NULL,NULL,NULL,'2018-04-17 06:37:07','2018-04-17 06:37:07',NULL),(93,'قطاع خاص','Pri-Cor-93','شركة مكرونة كوين','شركات',NULL,NULL,'احمد شامخ',NULL,NULL,'ش احمد الرشيدي','ارض الجولف',NULL,'القاهرة','القاهرة','مكتب مدير الشركة',NULL,'رقم الفكس: ','احمد شامخ',NULL,NULL,'2018-04-17 06:37:07','2018-04-17 06:37:08',NULL),(94,'قطاع خاص','Pri-Cor-94','شركة مكرونة كوين-القاهرة-ارض الجولف','شركات',NULL,NULL,'احمد شامخ',NULL,NULL,'ش احمد الرشيدي','ارض الجولف',NULL,'القاهرة','القاهرة','فرع الموارد البشرية',NULL,'رقم الفكس: ','احمد شامخ',NULL,NULL,'2018-04-17 06:37:08','2018-04-17 06:37:08',93),(95,'قطاع حكومي','Gov-Minis-95','فندق الماسة','وزارات',NULL,NULL,'احمد رجب',NULL,NULL,'ش عبد العزيز الشناوي - خلف المنصة','مدينة نصر',NULL,'القاهرة','القاهرة','المخازن',NULL,'رقم الفكس: 24040857','محمد السيد',NULL,NULL,'2018-04-17 06:37:08','2018-04-17 06:37:08',NULL),(96,'قطاع حكومي','Gov-Minis-96','فندق الماسة-القاهرة-مدينة نصر','وزارات',NULL,NULL,'احمد رجب',NULL,NULL,'ش عبد العزيز الشناوي - خلف المنصة','مدينة نصر',NULL,'القاهرة','القاهرة','الحسابات',NULL,'رقم الفكس: 24040857','اكرامي عبد الحمن',NULL,NULL,'2018-04-17 06:37:09','2018-04-17 06:37:09',95),(97,'قطاع حكومي','Gov-Minis-97','فندق الماسة-القاهرة-مدينة نصر','وزارات',NULL,NULL,'احمد رجب',NULL,NULL,'ش عبد العزيز الشناوي - خلف المنصة','مدينة نصر',NULL,'القاهرة','القاهرة','مراقبة التكاليف',NULL,'رقم الفكس: 24040857','احمد رجب - احمد صابر',NULL,NULL,'2018-04-17 06:37:09','2018-04-17 06:37:09',95),(98,'قطاع خاص','Pri-Cor-98','مجموعة زلط التجارية','شركات',NULL,NULL,'محمد زلط',NULL,NULL,'ش مصطفي الوكيل ','مصر الجديدة',NULL,'القاهرة','القاهرة',NULL,NULL,'رقم الفكس: ','محمد زل',NULL,NULL,'2018-04-17 06:37:09','2018-04-17 06:37:09',NULL),(99,'قطاع حكومي ','Pri-Sc-99','مدرسة التحرير الابتدائية','مدارس',NULL,NULL,NULL,NULL,NULL,'ش الدلتا من ش دمنهور متفرع من ش هارون','مصر الجديدة',NULL,'القاهرة','القاهرة','مكتب المديرة',NULL,'رقم الفكس: ',NULL,NULL,NULL,'2018-04-17 06:37:10','2018-04-17 06:37:10',NULL),(100,'قطاع حكومي','Gov-Hl-100','مستشفي الجلاء العسكري ','مستشفيات',NULL,NULL,NULL,NULL,NULL,'نادي الجلاء','مصر الجديدة',NULL,'القاهرة','القاهرة','مكتب الاوعية الدموية',NULL,'رقم الفكس: ','عمر عبد العزيز',NULL,NULL,'2018-04-17 06:37:10','2018-04-17 06:37:10',NULL),(101,'قطاع خاص','Pri-Inst-101','نادى الطيران','مؤسسة',NULL,NULL,NULL,NULL,NULL,'سانت فاتيما','مصر الجديدة',NULL,'القاهرة','القاهرة','مكتب مدير النادي',NULL,'رقم الفكس: ','مدام سها',NULL,NULL,'2018-04-17 06:37:10','2018-04-17 06:37:10',NULL),(102,'قطاع خاص','Pri-Inst-102','نادى هليوبولس الرياضى','مؤسسة',NULL,NULL,NULL,NULL,NULL,'ش الميرغني امام قصر الاتحادية','مصر الجديدة',NULL,'القاهرة','القاهرة','الشئون القانونية',NULL,'رقم الفكس: ','حنان عمر',NULL,NULL,'2018-04-17 06:37:10','2018-04-17 06:37:11',NULL),(103,'قطاع حكومي ','Pri-Minis-103','الاتحاد التعاوني الانتاجي','وزارات',NULL,NULL,NULL,NULL,NULL,'جامعة الدول العربية','المهندسين',NULL,'الجيزة','الجيزة','مكتب المدير',NULL,'رقم الفكس: ',NULL,NULL,NULL,'2018-04-17 06:37:11','2018-04-17 06:37:11',NULL),(104,'قطاع حكومي ','Pri-Minis-104','الاكاديمية العربية للعلوم والتكنولوجيا-الجيزة-الدقى','وزارات',NULL,NULL,NULL,NULL,NULL,'ش جابر بن حيان','الدقى',NULL,'الجيزة','الجيزة','مكتب شئون الخرجيين',NULL,'رقم الفكس: ','عمر محمد',NULL,NULL,'2018-04-17 06:37:11','2018-04-17 06:37:11',14),(105,'قطاع خاص','Pri-Cor-105','الشركة الدولية للاستثمار','شركات',NULL,NULL,NULL,NULL,NULL,NULL,'مصر الجديدة',NULL,'القاهرة','القاهرة','السكرتارية',NULL,'رقم الفكس: ',NULL,NULL,NULL,'2018-04-17 06:37:12','2018-04-17 06:37:12',NULL),(106,'قطاع خاص','Pri-Cor-106','شركة كير سيرفيس','شركات',NULL,NULL,NULL,NULL,NULL,'عمارات العبور صلاح سالم','مدينة نصر',NULL,'القاهرة','القاهرة',NULL,NULL,'رقم الفكس: ',NULL,NULL,NULL,'2018-04-17 06:37:12','2018-04-17 06:37:12',NULL),(107,'قطاع حكومي ','Pri-Sc-107','مدرسة محمد فريد الابتدائية','مدارس',NULL,NULL,NULL,NULL,NULL,'شارع الشيخ غراب','حدائق القبة',NULL,'القاهرة','القاهرة',NULL,NULL,'رقم الفكس: ','نازك محمد',NULL,NULL,'2018-04-17 06:37:12','2018-04-17 06:37:12',NULL),(108,'قطاع حكومي','Gov-Minis-108','مؤسسة التثقيف الفكرى','وزارات',NULL,NULL,NULL,NULL,NULL,'ش نجيب باشا شكور','حدائق القبة',NULL,'القاهرة','القاهرة','المؤسسة القومية لتنمية الاسرة والمجتمع',NULL,'رقم الفكس: ',NULL,NULL,NULL,'2018-04-17 06:37:13','2018-04-17 06:37:13',NULL),(109,'قطاع حكومي','Gov-Minis-109','مؤسسة التضامن للتمويل الاصغر-القاهرة-حدائق القبة','وزارات',NULL,NULL,NULL,NULL,NULL,'ش الشركات','حدائق القبة',NULL,'القاهرة','القاهرة','السكرتارية',NULL,'رقم الفكس: ',NULL,NULL,NULL,'2018-04-17 06:37:13','2018-04-17 06:37:13',10),(110,'قطاع حكومي','Gov-Minis-110','ديوان كبير الياوران - قصر عابدين','وزارات',NULL,NULL,NULL,NULL,NULL,'قصر عابدين','عابدين',NULL,'القاهرة','القاهرة','العمليات والمراسم',NULL,'رقم الفكس: ','هشام مجدي',NULL,NULL,'2018-04-17 06:37:13','2018-04-17 06:37:13',NULL),(111,'قطاع خاص','Pri-Cor-111','شركة كاتو للتنمية العقارية','شركات',NULL,NULL,NULL,NULL,NULL,'ش طلعت حرب مبنى ايفرجين - الدور 13','وسط البلد',NULL,'القاهرة','القاهرة',NULL,NULL,'رقم الفكس: ','جمال عبد الرازق',NULL,NULL,'2018-04-17 06:37:14','2018-04-17 06:37:14',NULL),(112,'قطاع حكومي ','Pri-Minis-112','محافظة القاهرة','وزارات',NULL,NULL,NULL,NULL,NULL,NULL,'عابدين',NULL,'القاهرة','القاهرة','مكتب سكرتير عام المساعد',NULL,'رقم الفكس: ',NULL,NULL,NULL,'2018-04-17 06:37:15','2018-04-17 06:37:15',NULL),(113,'قطاع حكومي ','Pri-Minis-113','محافظة القاهرة-القاهرة-عابدين','وزارات',NULL,NULL,NULL,NULL,NULL,'عابدين','عابدين',NULL,'القاهرة','القاهرة','مكتب المحافظ - السكرتارية الخاصة د1',NULL,'رقم الفكس: ','مصطفي حسين',NULL,NULL,'2018-04-17 06:37:15','2018-04-17 06:37:15',112),(114,'قطاع حكومي ','Pri-Minis-114','محافظة القاهرة-القاهرة-عابدين','وزارات',NULL,NULL,NULL,NULL,NULL,NULL,'عابدين',NULL,'القاهرة','القاهرة','ادارة التفتيش الفنى',NULL,'رقم الفكس: ',NULL,NULL,NULL,'2018-04-17 06:37:16','2018-04-17 06:37:16',112),(115,'قطاع خاص','Pri-Inst-115','مكتب أ يوحنا ابراهيم','مؤسسة',NULL,NULL,NULL,NULL,NULL,'طلعت حرب د3','وسط البلد',NULL,'القاهرة','القاهرة',NULL,NULL,'رقم الفكس: ','يوحنا ابراهيم',NULL,NULL,'2018-04-17 06:37:16','2018-04-17 06:37:16',NULL),(116,'قطاع خاص','Pri-Cor-116','شركة الفادي التجارية','شركات',NULL,NULL,NULL,NULL,NULL,'شارع الصحافة امام اخبار اليوم','وسط البلد',NULL,'القاهرة','القاهرة','قسم البيع',NULL,'رقم الفكس: ','محمود محرز',NULL,NULL,'2018-04-17 06:37:16','2018-04-17 06:37:17',NULL),(117,'قطاع حكومي','Gov-Cor-117','شركة جنوب القاهرة لتوزيع الكهرباء-القاهرة-وسط البلد','شركات',NULL,NULL,NULL,NULL,NULL,'ش 26 يوليو ـ الدور 1','وسط البلد',NULL,'القاهرة','القاهرة','مكتب رئيس قطاع التفتيش ومراقبة الاداء',NULL,'رقم الفكس: ',NULL,NULL,NULL,'2018-04-17 06:37:17','2018-04-17 06:37:17',1),(118,'قطاع حكومي','Gov-Cor-118','شركة جنوب القاهرة لتوزيع الكهرباء-القاهرة-وسط البلد','شركات',NULL,NULL,NULL,NULL,NULL,'ش 26 يوليو ـ الدور 4','وسط البلد',NULL,'القاهرة','القاهرة','ادارة الطاقة المتجددة وتحسين كفاءة الطاقة',NULL,'رقم الفكس: ',NULL,NULL,NULL,'2018-04-17 06:37:17','2018-04-17 06:37:17',1),(119,'قطاع حكومي','Gov-Cor-119','شركة جنوب القاهرة لتوزيع الكهرباء-القاهرة-وسط البلد','شركات',NULL,NULL,NULL,NULL,NULL,'ش 26 يوليو ـ الدور 3','وسط البلد',NULL,'القاهرة','القاهرة','ادارة المشروعات',NULL,'رقم الفكس: ',NULL,NULL,NULL,'2018-04-17 06:37:18','2018-04-17 06:37:18',1),(120,'قطاع حكومي','Gov-Cor-120','شركة جنوب القاهرة لتوزيع الكهرباء-القاهرة-وسط البلد','شركات',NULL,NULL,NULL,NULL,NULL,'ش 26 يوليو ـ الدور 2','وسط البلد',NULL,'القاهرة','القاهرة','الادارة العامة للدراسات والبحوث والتطوير',NULL,'رقم الفكس: ',NULL,NULL,NULL,'2018-04-17 06:37:18','2018-04-17 06:37:18',1),(121,'قطاع حكومي','Gov-Cor-121','شركة جنوب القاهرة لتوزيع الكهرباء-القاهرة-وسط البلد','شركات',NULL,NULL,NULL,NULL,NULL,'ش 26 يوليو ـ الدور الارضى','وسط البلد',NULL,'القاهرة','القاهرة','الادارة العامة للسلامة والصحة المهنية ( وسط القاهرة والمقطم)',NULL,'رقم الفكس: ',NULL,NULL,NULL,'2018-04-17 06:37:18','2018-04-17 06:37:18',1),(122,'قطاع حكومي','Gov-Cor-122','شركة جنوب القاهرة لتوزيع الكهرباء-القاهرة-وسط البلد','شركات',NULL,NULL,NULL,NULL,NULL,'ش 26 يوليو ـ الدور 3 مبنى كبار المشتركين','وسط البلد',NULL,'القاهرة','القاهرة','ادارة الاصول والتكاليف وحسابات المخازن',NULL,'رقم الفكس: ',NULL,NULL,NULL,'2018-04-17 06:37:19','2018-04-17 06:37:19',1),(123,'قطاع حكومي','Gov-Cor-123','شركة جنوب القاهرة لتوزيع الكهرباء-القاهرة-وسط البلد','شركات',NULL,NULL,NULL,NULL,NULL,'ش 26 يوليو ـ الدور 2 مبنى كبار العدادات','وسط البلد',NULL,'القاهرة','القاهرة','ادارة حسابات الاعمال الخارجية',NULL,'رقم الفكس: ',NULL,NULL,NULL,'2018-04-17 06:37:19','2018-04-17 06:37:19',1),(124,'قطاع حكومي','Gov-Cor-124','شركة جنوب القاهرة لتوزيع الكهرباء-القاهرة-وسط البلد','شركات',NULL,NULL,NULL,NULL,NULL,'ش 26 يوليو ـ الدور 1 مبنى العدادات','وسط البلد',NULL,'القاهرة','القاهرة','الادارة العامة لترشيد الطاقة',NULL,'رقم الفكس: ','محمد',NULL,NULL,'2018-04-17 06:37:19','2018-04-17 06:37:19',1),(125,'قطاع حكومي','Gov-Cor-125','شركة جنوب القاهرة لتوزيع الكهرباء-القاهرة-وسط البلد','شركات',NULL,NULL,NULL,NULL,NULL,'ش 26 يوليو د1','وسط البلد',NULL,'القاهرة','القاهرة','الادارة العامة للصيانة وشبكات الربط مكتب المدير العام',NULL,'رقم الفكس: ','وليد محمد',NULL,NULL,'2018-04-17 06:37:20','2018-04-17 06:37:20',1),(126,'قطاع حكومي','Gov-Cor-126','شركة جنوب القاهرة لتوزيع الكهرباء-القاهرة-وسط البلد','شركات',NULL,NULL,NULL,NULL,NULL,'ش 26 يوليو','وسط البلد',NULL,'القاهرة','القاهرة','الادارة العامة للاصدار والبرمجيات',NULL,'رقم الفكس: ','محمد محمود',NULL,NULL,'2018-04-17 06:37:20','2018-04-17 06:37:20',1),(127,'قطاع حكومي','Gov-Cor-127','شركة جنوب القاهرة لتوزيع الكهرباء-القاهرة-وسط البلد','شركات',NULL,NULL,NULL,NULL,NULL,'ش 26 يوليو','وسط البلد',NULL,'القاهرة','القاهرة','مكتب رئيس القطاع التخطيط الفني',NULL,'رقم الفكس: ','جيلان هارون',NULL,NULL,'2018-04-17 06:37:20','2018-04-17 06:37:20',1),(128,'قطاع حكومي','Gov-Cor-128','شركة جنوب القاهرة لتوزيع الكهرباء-القاهرة-وسط البلد','شركات',NULL,NULL,NULL,NULL,NULL,'ش 26 يوليو د1','وسط البلد',NULL,'القاهرة','القاهرة','مكتب رئيس قطاع الحسابات والبرمجيات',NULL,'رقم الفكس: ','عبداله احمد',NULL,NULL,'2018-04-17 06:37:21','2018-04-17 06:37:21',1),(129,'قطاع حكومي','Gov-Cor-129','شركة جنوب القاهرة لتوزيع الكهرباء-القاهرة-وسط البلد','شركات',NULL,NULL,NULL,NULL,NULL,'ش 26 يوليو د1','وسط البلد',NULL,'القاهرة','القاهرة','ادارة التفتيش المخزني',NULL,'رقم الفكس: ','هيثم يحي-انور سيد',NULL,NULL,'2018-04-17 06:37:21','2018-04-17 06:37:21',1),(130,'قطاع حكومي','Gov-Cor-130','شركة جنوب القاهرة لتوزيع الكهرباء-القاهرة-وسط البلد','شركات',NULL,NULL,'مهندسة/ حنان',NULL,NULL,'ش 26يوليو مبنى العدادات الدور 1','وسط البلد',NULL,'القاهرة','القاهرة','معمل العدادات المركزى',NULL,'رقم الفكس: ',NULL,NULL,NULL,'2018-04-17 06:37:21','2018-04-17 06:37:21',1),(131,'قطاع حكومي','Gov-Cor-131','شركة جنوب القاهرة لتوزيع الكهرباء-القاهرة-وسط البلد','شركات',NULL,NULL,'سامح عبد الرحمن',NULL,NULL,'ش 26يوليو دور 1','وسط البلد',NULL,'القاهرة','القاهرة','مكتب رئيس قطاعات الشئون التجارية',NULL,'رقم الفكس: ',NULL,NULL,NULL,'2018-04-17 06:37:22','2018-04-17 06:37:22',1),(132,'قطاع حكومي','Gov-Cor-132','شركة جنوب القاهرة لتوزيع الكهرباء-القاهرة-وسط البلد','شركات',NULL,NULL,' خالد خليل',NULL,NULL,'ش 26يوليو الدور 1','وسط البلد',NULL,'القاهرة','القاهرة','مكتب رئيس قطاع الموارد البشرية',NULL,'رقم الفكس: ',NULL,NULL,NULL,'2018-04-17 06:37:23','2018-04-17 06:37:23',1),(133,'قطاع حكومي','Gov-Cor-133','شركة جنوب القاهرة لتوزيع الكهرباء-القاهرة-وسط البلد','شركات',NULL,NULL,' منال',NULL,NULL,'ش 26يوليو الدور 2','وسط البلد',NULL,'القاهرة','القاهرة','ادارة الجزاءات',NULL,'رقم الفكس: ',NULL,NULL,NULL,'2018-04-17 06:37:23','2018-04-17 06:37:23',1),(134,'قطاع حكومي','Gov-Cor-134','شركة جنوب القاهرة لتوزيع الكهرباء-القاهرة-وسط البلد','شركات',NULL,NULL,'تامر عطية',NULL,NULL,'ش 26يوليو الدور3','وسط البلد',NULL,'القاهرة','القاهرة','التفتيش و الرقابة على الاداء  قطاع الموارد البشرية',NULL,'رقم الفكس: ',NULL,NULL,NULL,'2018-04-17 06:37:24','2018-04-17 06:37:24',1),(135,'قطاع حكومي','Gov-Cor-135','شركة جنوب القاهرة لتوزيع الكهرباء-القاهرة-وسط البلد','شركات',NULL,NULL,NULL,NULL,NULL,'ش 26 يوليو الدور 2','وسط البلد',NULL,'القاهرة','القاهرة','مكتب رئيس قطاع التصميمات',NULL,'رقم الفكس: ',NULL,NULL,NULL,'2018-04-17 06:37:24','2018-04-17 06:37:24',1),(136,'قطاع حكومي ','Pri-Sc-136','مدرسة طلعت حرب الثانوية الصناعية بنات','مدارس',NULL,NULL,NULL,NULL,NULL,'كريم الدولة من محمود بسيوني ميدان طلعت حرب','وسط البلد',NULL,'القاهرة','القاهرة',NULL,NULL,'رقم الفكس: ',NULL,NULL,NULL,'2018-04-17 06:37:25','2018-04-17 06:37:25',NULL),(137,'قطاع حكومي','Gov-Hl-137','مستشفى الجلاء التعليمى','مستشفيات',NULL,NULL,NULL,NULL,NULL,'ش 26 يوليو ـ الدور الاول','وسط البلد',NULL,'القاهرة','القاهرة','وحدة مكافحة العدوى',NULL,'رقم الفكس: ',NULL,NULL,NULL,'2018-04-17 06:37:25','2018-04-17 06:37:25',NULL),(138,'قطاع حكومي','Gov-Minis-138','نقابة التجاريين','وزارات',NULL,NULL,' محمد جلال',NULL,NULL,'ش رمسيس','وسط البلد',NULL,'القاهرة','القاهرة','السكرتارية',NULL,'رقم الفكس: ',NULL,NULL,NULL,'2018-04-17 06:37:25','2018-04-17 06:37:25',NULL),(139,'قطاع حكومي ','Pri-Sc-139','ادارة السلام التعليمية','مدارس',NULL,NULL,NULL,NULL,NULL,'تقسيم عمر بن الخطاب اول جمال عبد الناصر','مدينة السلام',NULL,'القاهرة','القاهرة','التوجيه المالي والاداري',NULL,'رقم الفكس: ',NULL,NULL,NULL,'2018-04-17 06:37:26','2018-04-17 06:37:26',NULL),(140,'قطاع حكومي ','Pri-Sc-140','ادارة المرج التعليمية','مدارس',NULL,NULL,NULL,NULL,NULL,'بجوار قسم المرج','المرج',NULL,'القاهرة','القاهرة','المخازن',NULL,'رقم الفكس: ','ايات',NULL,NULL,'2018-04-17 06:37:26','2018-04-17 06:37:26',NULL),(141,'قطاع حكومي ','Pri-Minis-141','محافظة القاهرة-القاهرة-مدينة السلام','وزارات',NULL,NULL,NULL,NULL,NULL,'اول السلام -مدينة السلام','مدينة السلام',NULL,'القاهرة','القاهرة','الادارة العامة لمواقف الاقاليم',NULL,'رقم الفكس: ','احمد عادل',NULL,NULL,'2018-04-17 06:37:26','2018-04-17 06:37:26',112),(142,'قطاع حكومي ','Pri-Minis-142','محافظة القاهرة-القاهرة-مدينة السلام','وزارات',NULL,NULL,NULL,NULL,NULL,'اول السلام -مدينة السلام','مدينة السلام',NULL,'القاهرة','القاهرة','الادارة العامة لمواقف الاقاليم',NULL,'رقم الفكس: ','احمد عادل',NULL,NULL,'2018-04-17 06:37:27','2018-04-17 06:37:27',112),(143,'قطاع حكومي ','Pri-Sc-143','مدرسة التربية الفكرية ','مدارس',NULL,NULL,NULL,NULL,NULL,'ملف عثمان بيكو بجوار مدرسة هدى الشعراوى ','مدينة السلام',NULL,'القاهرة','القاهرة','مكتب مدير المدرسة ',NULL,'رقم الفكس: ','راندة محمود احمد ',NULL,NULL,'2018-04-17 06:37:27','2018-04-17 06:37:27',NULL),(144,'قطاع حكومي ','Pri-Sc-144','مدرسة الوادي الابتدائية المسائية','مدارس',NULL,NULL,'حمدي علي هويدي',NULL,NULL,'مساكن الوادي مساكن عين شمس','عين شمس',NULL,'القاهرة','القاهرة',NULL,NULL,'رقم الفكس: ','حمدي علي هويدي',NULL,NULL,'2018-04-17 06:37:27','2018-04-17 06:37:28',NULL),(145,'قطاع حكومي ','Pri-Sc-145','مدرسة خالد بن الوليد','مدارس',NULL,NULL,NULL,NULL,NULL,NULL,'المرج القديمة',NULL,'القاهرة','القاهرة','الكنترول',NULL,'رقم الفكس: ','هند حامد',NULL,NULL,'2018-04-17 06:37:28','2018-04-17 06:37:28',NULL),(146,'قطاع حكومي','Gov-Hl-146','منطقة المرج الطبية','مستشفيات',NULL,NULL,NULL,NULL,NULL,'بجانب مستشفى جراحات اليوم الواحد','مؤسسة الزكاة',NULL,'القاهرة','القاهرة','مكتب المدير العام',NULL,'رقم الفكس: ','هشام جابر',NULL,NULL,'2018-04-17 06:37:28','2018-04-17 06:37:28',NULL),(147,'قطاع حكومي','Gov-Minis-147','مؤسسة التثقيف الفكرى-القاهرة-المرج','وزارات',NULL,NULL,'محمد فاضل',NULL,NULL,'مؤسسة الزكاة - المرج','المرج',NULL,'القاهرة','القاهرة','الحاسب الالى',NULL,'رقم الفكس: ',NULL,NULL,NULL,'2018-04-17 06:37:29','2018-04-17 06:37:29',108),(148,'قطاع حكومي','Gov-Minis-148','مؤسسة التضامن للتمويل الاصغر-القاهرة-المرج القديمة','وزارات',NULL,NULL,'اسلام غريب',NULL,NULL,'ش حسن الفقي','المرج القديمة',NULL,'القاهرة','القاهرة','فرع الخصوص',NULL,'رقم الفكس: ',NULL,NULL,NULL,'2018-04-17 06:37:29','2018-04-17 06:37:29',10),(149,'قطاع حكومي','Gov-Minis-149','مؤسسة التضامن للتمويل الاصغر-القاهرة-المرج الجديدة','وزارات',NULL,NULL,NULL,NULL,NULL,'ش مدرسة الاورمان','المرج الجديدة',NULL,'القاهرة','القاهرة',NULL,NULL,'رقم الفكس: ','محمد رشدى',NULL,NULL,'2018-04-17 06:37:29','2018-04-17 06:37:29',10),(150,'قطاع خاص','Pri-Inst-150','جمعية الطلائع التعاونية','مؤسسة',NULL,NULL,NULL,NULL,NULL,'ك 42 يسار مصر اسماعيلية الصحراوي','مصر اسماعيلية الصحراوي',NULL,'القاهرة','القاهرة','مكتب رئيس مجلس الادارة',NULL,'رقم الفكس: ',NULL,NULL,NULL,'2018-04-17 06:37:30','2018-04-17 06:37:30',NULL),(151,'قطاع حكومي','Gov-Cor-151','شركة جنوب القاهرة لتوزيع الكهرباء-الجيزة-كرداسة','شركات',NULL,NULL,NULL,NULL,NULL,'نزله المنصورية - المنصورية جامع الحساينية','كرداسة',NULL,'الجيزة','الجيزة','فرع المنصورية ',NULL,'رقم الفكس: ','سعيد فرج عبد الواحد',NULL,NULL,'2018-04-17 06:37:30','2018-04-17 06:37:30',1),(152,'قطاع حكومي ','Pri-Minis-152','ارض جمعية خدمات العاملين بمعهد التغذية','وزارات',NULL,NULL,NULL,NULL,NULL,'ش الرشيد امام القصر الفرنساوي - القصر العيني','القصر العينى',NULL,'القاهرة','القاهرة',NULL,NULL,'رقم الفكس: ','مشيرة عبد الغني',NULL,NULL,'2018-04-17 06:37:31','2018-04-17 06:37:31',NULL),(153,'قطاع حكومي ','Pri-Hl-153','المعهد القومى لامراض السكر والغدد الصماء','مستشفيات',NULL,NULL,NULL,NULL,NULL,'ش القصر العينى','القصر العينى',NULL,'القاهرة','القاهرة',NULL,NULL,'رقم الفكس: ','تامر جابر',NULL,NULL,'2018-04-17 06:37:31','2018-04-17 06:37:31',NULL),(154,'قطاع حكومي ','Pri-Hl-154','المعهد القومى للاورام-القاهرة-القصر العينى','مستشفيات',NULL,NULL,NULL,NULL,NULL,NULL,'القصر العينى',NULL,'القاهرة','القاهرة','الاكتشاف المبكر',NULL,'رقم الفكس: ','وائل   ',NULL,NULL,'2018-04-17 06:37:32','2018-04-17 06:37:32',16),(155,'قطاع حكومي','Gov-Minis-155','المؤسسة القومية لتنمية الاسرة و المجتمع','وزارات',NULL,NULL,NULL,NULL,NULL,'ش متحف المطرية','المطريه',NULL,'القاهرة','القاهرة','مركز تدريب المطرية',NULL,'رقم الفكس: 26350787',NULL,NULL,NULL,'2018-04-17 06:37:32','2018-04-17 06:37:32',NULL),(156,'قطاع حكومي','Gov-Hl-156','الهيئة العامة للمستشفيات والمعاهد التعليمية','مستشفيات',NULL,NULL,NULL,NULL,NULL,'ش القصر العينى','القصر العينى',NULL,'القاهرة','القاهرة','سكرتارية الشئون القانونية',NULL,'رقم الفكس: ','عاطف عبد الحميد',NULL,NULL,'2018-04-17 06:37:32','2018-04-17 06:37:32',NULL),(157,'قطاع خاص','Pri-Inst-157','دار الخبرة والمشروعات الهندسية','مؤسسة',NULL,NULL,NULL,NULL,NULL,'عمارة النصر د12 فوق بنك مصر','ميدان الجيزة',NULL,'الجيزة','الجيزة','م/ سمير حايم',NULL,'رقم الفكس: ','احلام الامير',NULL,NULL,'2018-04-17 06:37:33','2018-04-17 06:37:33',NULL),(158,'قطاع حكومي','Gov-Minis-158','سفارة اليونان','وزارات',NULL,NULL,NULL,NULL,NULL,'ش عائشة التيمورية كورنيش النيل امام فندق جراند حياة','جاردن سيتى',NULL,'القاهرة','القاهرة',NULL,NULL,'رقم الفكس: ','ماريا',NULL,NULL,'2018-04-17 06:37:33','2018-04-17 06:37:33',NULL),(159,'قطاع خاص','Pri-Cor-159','شركة مصر لحليج الاقطان','شركات',NULL,NULL,'حسن محمد',NULL,NULL,'ش بهي الدين بركات امام مستشفي الرمد','الجيزة',NULL,'الجيزة','الجيزة',NULL,NULL,'رقم الفكس: ','حسن محمد',NULL,NULL,'2018-04-17 06:37:34','2018-04-17 06:37:34',NULL),(160,'قطاع حكومي ','Pri-Sc-160','مدرسة المحمدية الرسمية للغات','مدارس',NULL,NULL,NULL,NULL,NULL,'19ش احمد عمر امام قسم الدرب الاحمر','القلعه',NULL,'القاهرة','القاهرة','مدير المدرسة',NULL,'رقم الفكس: ','محمد المهدي',NULL,NULL,'2018-04-17 06:37:34','2018-04-17 06:37:34',NULL),(161,'قطاع حكومي','Gov-Minis-161','مركز بحوث الصحراء','وزارات',NULL,NULL,NULL,NULL,NULL,'شارع متحف المطرية','عين شمس',NULL,'القاهرة','القاهرة','المكتب الفني',NULL,'رقم الفكس: ','محمد حسن',NULL,NULL,'2018-04-17 06:37:35','2018-04-17 06:37:35',NULL),(162,'قطاع حكومي','Gov-Minis-162','مركز بحوث الصحراء-القاهرة-عين شمس','وزارات',NULL,NULL,NULL,NULL,NULL,'شارع متحف المطرية','عين شمس',NULL,'القاهرة','القاهرة','مكتب رئيس المركز',NULL,'رقم الفكس: ','محمد حسن',NULL,NULL,'2018-04-17 06:37:35','2018-04-17 06:37:35',161),(163,'قطاع حكومي','Gov-Minis-163','مركز بحوث الصحراء-القاهرة-عين شمس','وزارات',NULL,NULL,NULL,NULL,NULL,'شارع متحف المطرية','عين شمس',NULL,'القاهرة','القاهرة','مكتب رئيس المركز',NULL,'رقم الفكس: ','محمد حسن',NULL,NULL,'2018-04-17 06:37:35','2018-04-17 06:37:36',161),(164,'قطاع حكومي','Gov-Hl-164','مستشفى المطرية التعليمى','مستشفيات',NULL,NULL,NULL,NULL,NULL,'ميدان المطرية','المطريه',NULL,'القاهرة','القاهرة','مكافحة العدوى',NULL,'رقم الفكس: ','د/وفاء بهجت',NULL,NULL,'2018-04-17 06:37:36','2018-04-17 06:37:36',NULL),(165,'قطاع حكومي','Gov-Hl-165','مستشفى المطرية التعليمى-القاهرة-المطريه','مستشفيات',NULL,NULL,NULL,NULL,NULL,'ش طه قنديل ـ ميدان المطرية','المطريه',NULL,'القاهرة','القاهرة','مركز التدريب',NULL,'رقم الفكس: ',NULL,NULL,NULL,'2018-04-17 06:37:36','2018-04-17 06:37:36',164),(166,'قطاع حكومي','Gov-Hl-166','مستشفى المطرية التعليمى-القاهرة-المطريه','مستشفيات',NULL,NULL,NULL,NULL,NULL,'ش طه قنديل ـ ميدان المطرية','المطريه',NULL,'القاهرة','القاهرة',NULL,NULL,'رقم الفكس: ',NULL,NULL,NULL,'2018-04-17 06:37:37','2018-04-17 06:37:37',164),(167,'قطاع حكومي','Gov-Hl-167','مستشفى المطرية التعليمى-القاهرة-المطريه','مستشفيات',NULL,NULL,NULL,NULL,NULL,'ش طه قنديل ـ ميدان المطرية','المطريه',NULL,'القاهرة','القاهرة',' شئون العاملين',NULL,'رقم الفكس: ',NULL,NULL,NULL,'2018-04-17 06:37:37','2018-04-17 06:37:37',164),(168,'قطاع حكومي','Gov-Minis-168','معهد الرمد التذكارى','وزارات',NULL,NULL,NULL,NULL,NULL,NULL,NULL,NULL,'الجيزة','الجيزة','الخزينة',NULL,'رقم الفكس: ','هاله عبد المحسن',NULL,NULL,'2018-04-17 06:37:37','2018-04-17 06:37:37',NULL),(169,'قطاع حكومي','Gov-Minis-169','معهد الرمد التذكارى-الجيزة-','وزارات',NULL,NULL,NULL,NULL,NULL,NULL,NULL,NULL,'الجيزة','الجيزة','المكتبة',NULL,'رقم الفكس: ','سهير هلال',NULL,NULL,'2018-04-17 06:37:38','2018-04-17 06:37:38',168),(170,'قطاع حكومي','Gov-Minis-170','مؤسسة التضامن للتمويل الاصغر-القليوبية-شبرا الخيمة','وزارات',NULL,NULL,NULL,NULL,NULL,'ش 15 مايو - برج المشرق','شبرا الخيمة',NULL,'القليوبية','القليوبية','فرع شبرا الخيمة ( شرق )',NULL,'رقم الفكس: ','محمد صبحى',NULL,NULL,'2018-04-17 06:37:38','2018-04-17 06:37:38',10),(171,'قطاع حكومي','Gov-Minis-171','مؤسسة التضامن للتمويل الاصغر-القليوبية-شبرا الخيمة','وزارات',NULL,NULL,NULL,NULL,NULL,'ش 15 مايو - برج المشرق','شبرا الخيمة',NULL,'القليوبية','القليوبية','فرع شبرا الخيمة ( غرب )',NULL,'رقم الفكس: ','محمد صبحى',NULL,NULL,'2018-04-17 06:37:38','2018-04-17 06:37:38',10),(172,'قطاع حكومي','Gov-Minis-172','وزارة الاثار ','وزارات',NULL,NULL,NULL,NULL,NULL,'ش نوبار - قصر اسماعيل باشا المفتش','لاظوغلى',NULL,'القاهرة','القاهرة','مكتب مساعد الوزير للشئون الهندسية',NULL,'رقم الفكس: ',NULL,NULL,NULL,'2018-04-17 06:37:39','2018-04-17 06:37:39',NULL),(173,'قطاع حكومي','Gov-Minis-173','وزارة التموين','وزارات','basun_magdy@yahoo.com',NULL,'مجدي بسيوني',NULL,NULL,'ش القصر العيني','القصر العينى',NULL,'القاهرة','القاهرة','المطبعة',NULL,'رقم الفكس: ','مجدي بسيوني',NULL,NULL,'2018-04-17 06:37:39','2018-04-17 06:37:39',NULL),(174,'قطاع حكومي ','Pri-Hl-174','المعهد القومى للقلب','مستشفيات',NULL,NULL,NULL,NULL,NULL,'ارض مطار امبابة','امبابة',NULL,'الجيزة','الجيزة','المدير الادارى',NULL,'رقم الفكس: ','حسام بغدادى',NULL,NULL,'2018-04-17 06:37:40','2018-04-17 06:37:40',NULL),(175,'قطاع حكومي ','Pri-Hl-175','المعهد القومى للقلب-الجيزة-امبابة','مستشفيات',NULL,NULL,NULL,NULL,NULL,'ارض مطار امبابة','امبابة',NULL,'الجيزة','الجيزة','مدير المعهد',NULL,'رقم الفكس: ','محمد عدلى',NULL,NULL,'2018-04-17 06:37:40','2018-04-17 06:37:40',174),(176,'قطاع حكومي ','Pri-Hl-176','المعهد القومى للقلب-الجيزة-امبابة','مستشفيات',NULL,NULL,NULL,NULL,NULL,'ارض مطار امبابة','امبابة',NULL,'الجيزة','الجيزة','شئون المرضى',NULL,'رقم الفكس: ','حسام بغدادى',NULL,NULL,'2018-04-17 06:37:41','2018-04-17 06:37:41',174),(177,'قطاع حكومي ','Pri-Hl-177','المعهد القومى للقلب-الجيزة-الكيت كات','مستشفيات',NULL,NULL,NULL,NULL,NULL,'ميدان بن النفيس','الكيت كات',NULL,'الجيزة','الجيزة','قسم القسطرة',NULL,'رقم الفكس: ','امينة احمد',NULL,NULL,'2018-04-17 06:37:41','2018-04-17 06:37:41',174),(178,'قطاع حكومي ','Pri-Hl-178','المعهد القومى للقلب-الجيزة-امبابة','مستشفيات',NULL,NULL,NULL,NULL,NULL,'ميدان ابن النفيس','امبابة',NULL,'الجيزة','الجيزة','شئون الافراد',NULL,'رقم الفكس: ','امينة عبد الحليم',NULL,NULL,'2018-04-17 06:37:41','2018-04-17 06:37:42',174),(179,'قطاع حكومي','Gov-Minis-179','جامعة القاهرة ـ كلية الصيدلة','وزارات',NULL,NULL,NULL,NULL,NULL,NULL,'القصر العينى',NULL,'القاهرة','القاهرة','المايكروبيولوجى',NULL,'رقم الفكس: ',NULL,NULL,NULL,'2018-04-17 06:37:42','2018-04-17 06:37:42',NULL),(180,'قطاع حكومي','Gov-Minis-180','جمعية المحاربين القدماء وشهداء الحرب','وزارات',NULL,NULL,NULL,NULL,NULL,'شارع 26 يوليو ميدان سفنكس','المهندسين',NULL,'الجيزة','الجيزة','الامن',NULL,'رقم الفكس: ',NULL,NULL,NULL,'2018-04-17 06:37:43','2018-04-17 06:37:43',NULL),(181,'قطاع حكومي','Gov-Minis-181','جمعية المحاربين القدماء وضحايا الحرب','وزارات',NULL,NULL,NULL,NULL,NULL,'ش 26 يوليو','العجوزة',NULL,'الجيزة','الجيزة','الامن',NULL,'رقم الفكس: ','فتحي السيد',NULL,NULL,'2018-04-17 06:37:43','2018-04-17 06:37:43',NULL),(182,'قطاع خاص','Pri-Cor-182','شركة الامل للمواد الغذائية','شركات',NULL,NULL,NULL,NULL,NULL,'العيساوية - القومية العربية ناصية بنزينة طاقة','امبابة',NULL,'الجيزة','الجيزة','شركة اليوسف للمواد الغذائية',NULL,'رقم الفكس: ','اسلام البنداري',NULL,NULL,'2018-04-17 06:37:43','2018-04-17 06:37:43',NULL),(183,'قطاع حكومي','Gov-Cor-183','شركة جنوب القاهرة لتوزيع الكهرباء-الجيزة-العجوزة','شركات',NULL,NULL,NULL,NULL,NULL,'ش نوال ـ بجوار العجوزة','العجوزة',NULL,'الجيزة','الجيزة','مكتب رئيس قطاع الوقاية والاتصالات',NULL,'رقم الفكس: ','محمود محمد',NULL,NULL,'2018-04-17 06:37:44','2018-04-17 06:37:44',1),(184,'قطاع حكومي','Gov-Cor-184','شركة جنوب القاهرة لتوزيع الكهرباء-الجيزة-فيصل','شركات',NULL,NULL,NULL,NULL,NULL,'امام محطة مترو فيصل','فيصل',NULL,'الجيزة','الجيزة','مدير عام شبكات فيصل',NULL,'رقم الفكس: ',NULL,NULL,NULL,'2018-04-17 06:37:44','2018-04-17 06:37:44',1),(185,'قطاع حكومي','Gov-Cor-185','شركة جنوب القاهرة لتوزيع الكهرباء-الجيزة-الدقى','شركات',NULL,NULL,NULL,NULL,NULL,'ش نوال بجوار قسم العجوزة','الدقى',NULL,'الجيزة','الجيزة','مدير عام شبكات الدقى',NULL,'رقم الفكس: ',NULL,NULL,NULL,'2018-04-17 06:37:45','2018-04-17 06:37:45',1),(186,'قطاع حكومي','Gov-Minis-186','مجلس الدولة-اسكندرية-سموحة','وزارات',NULL,NULL,NULL,NULL,NULL,'سموحة بجوار مركز شباب سموحة','سموحة',NULL,'اسكندرية','اسكندرية','التوريدات',NULL,'رقم الفكس: ',NULL,NULL,NULL,'2018-04-17 06:37:45','2018-04-17 06:37:45',37),(187,'قطاع حكومي','Gov-Minis-187','مجلس الدولة-اسكندرية-سموحة','وزارات',NULL,NULL,NULL,NULL,NULL,'سموحة بجوار مركز شباب سموحة','سموحة',NULL,'اسكندرية','اسكندرية','التوريدات',NULL,'رقم الفكس: ',NULL,NULL,NULL,'2018-04-17 06:37:45','2018-04-17 06:37:45',37),(188,'قطاع حكومي','Gov-Minis-188','مجلس الدولة-اسكندرية-سموحة','وزارات',NULL,NULL,NULL,NULL,NULL,'سموحة بجوار مركز شباب سموحة','سموحة',NULL,'اسكندرية','اسكندرية','التوريدات',NULL,'رقم الفكس: ','كرم عبد الهادى',NULL,NULL,'2018-04-17 06:37:46','2018-04-17 06:37:46',37),(189,'قطاع حكومي','Gov-Minis-189','مجلس الدولة-اسكندرية-','وزارات',NULL,NULL,NULL,NULL,NULL,NULL,NULL,NULL,'اسكندرية','اسكندرية','الاسكندرية',NULL,'رقم الفكس: ',NULL,NULL,NULL,'2018-04-17 06:37:46','2018-04-17 06:37:46',37),(190,'قطاع حكومي','Gov-Minis-190','الهيئة العامة لموانى البحر الاحمر','وزارات',NULL,NULL,NULL,NULL,NULL,'بورتوفيق','بورتوفيق',NULL,'السويس','السويس','المراجعة',NULL,'رقم الفكس: ',NULL,NULL,NULL,'2018-04-17 06:37:46','2018-04-17 06:37:46',NULL),(191,'قطاع حكومي','Gov-Minis-191','الهيئة العامة لموانى البحر الاحمر-السويس-بورتوفيق','وزارات',NULL,NULL,NULL,NULL,NULL,'بورتوفيق','بورتوفيق',NULL,'السويس','السويس','مكتب مدير عام الشئون المالية',NULL,'رقم الفكس: ',NULL,NULL,NULL,'2018-04-17 06:37:47','2018-04-17 06:37:47',190),(192,'قطاع حكومي','Gov-Minis-192','مجلس الدولة-الفيوم-','وزارات',NULL,NULL,'عادل محمد',NULL,NULL,'الفيوم',NULL,NULL,'الفيوم','الفيوم',NULL,NULL,'رقم الفكس: ',NULL,NULL,NULL,'2018-04-17 06:37:47','2018-04-17 06:37:47',37),(193,'قطاع حكومي','Gov-Minis-193','مجلس الدولة-المنصورة-','وزارات',NULL,NULL,NULL,NULL,NULL,NULL,NULL,NULL,'المنصورة','المنصورة','فرع المنصورة',NULL,'رقم الفكس: ','السيد رمضان',NULL,NULL,'2018-04-17 06:37:48','2018-04-17 06:37:48',37),(194,'قطاع حكومي','Gov-Minis-194','مجلس الدولة-المنصورة-','وزارات',NULL,NULL,NULL,NULL,NULL,NULL,NULL,NULL,'المنصورة','المنصورة','فرع المنصورة',NULL,'رقم الفكس: ','السيد رمضان',NULL,NULL,'2018-04-17 06:37:48','2018-04-17 06:37:48',37),(195,'قطاع حكومي','Gov-Minis-195','مجلس الدولة-المنصورة-','وزارات',NULL,NULL,NULL,NULL,NULL,NULL,NULL,NULL,'المنصورة','المنصورة','فرع المنصورة',NULL,'رقم الفكس: ','السيد رمضان',NULL,NULL,'2018-04-17 06:37:49','2018-04-17 06:37:49',37),(196,'قطاع حكومي','Gov-Minis-196','مجلس الدولة-دمياط-راس البر','وزارات',NULL,NULL,NULL,NULL,NULL,NULL,'راس البر',NULL,'دمياط','دمياط',NULL,NULL,'رقم الفكس: ','هانى محمد الباز',NULL,NULL,'2018-04-17 06:37:49','2018-04-17 06:37:49',37),(197,'قطاع حكومي','Gov-Minis-197','مؤسسة التضامن للتمويل الاصغر-الغربية-زفتى','وزارات',NULL,NULL,NULL,NULL,NULL,'زفتى','زفتى',NULL,'الغربية','الغربية',NULL,NULL,'رقم الفكس: ',NULL,NULL,NULL,'2018-04-17 06:37:49','2018-04-17 06:37:49',10),(198,'قطاع حكومي','Gov-Cor-198','شركة جنوب القاهرة لتوزيع الكهرباء-الجيزة-','شركات',NULL,NULL,NULL,NULL,NULL,'وردان',NULL,NULL,'الجيزة','الجيزة','ادارة الايرادات ( وردان)',NULL,'رقم الفكس: ','خالد عبد العزيز',NULL,NULL,'2018-04-17 06:37:49','2018-04-17 06:37:50',1),(199,'قطاع حكومي','Gov-Minis-199','مجلس الدوله شبين الكوم','وزارات',NULL,NULL,NULL,NULL,NULL,NULL,'شبين الكوم',NULL,'المنوفية','المنوفية','احكام الدائرة الثانية قضاء اداري',NULL,'رقم الفكس: ','موزع بنها',NULL,NULL,'2018-04-17 06:37:50','2018-04-17 06:37:50',NULL),(200,'قطاع حكومي','Gov-Minis-200','مؤسسة التضامن للتمويل الاصغر-المنوفية-','وزارات',NULL,NULL,NULL,NULL,NULL,'الشهداء',NULL,NULL,'المنوفية','المنوفية',NULL,NULL,'رقم الفكس: ',NULL,NULL,NULL,'2018-04-17 06:37:50','2018-04-17 06:37:50',10),(201,'قطاع حكومي','Gov-Minis-201','مجلس الدولة-سوهاج-','وزارات',NULL,NULL,NULL,NULL,NULL,NULL,NULL,NULL,'سوهاج','سوهاج',NULL,NULL,'رقم الفكس: ',NULL,NULL,NULL,'2018-04-17 06:37:51','2018-04-17 06:37:51',37),(202,'قطاع حكومي','Gov-Minis-202','مديرية الاصلاح الزراعى','وزارات',NULL,NULL,NULL,NULL,NULL,'مدينة ناصر بجوار محافظة سوهاج',NULL,NULL,'سوهاج','سوهاج','مكتب السيد المهندس مدير المديرية',NULL,'رقم الفكس: ','علي بلال',NULL,NULL,'2018-04-17 06:37:51','2018-04-17 06:37:51',NULL),(203,'قطاع حكومي','Gov-Minis-203','مديرية الاصلاح الزراعى-سوهاج-','وزارات',NULL,NULL,NULL,NULL,NULL,'مدينة ناصر - بجوار مبنى محافظة سوهاج',NULL,NULL,'سوهاج','سوهاج','ادارة الاملاك',NULL,'رقم الفكس: ',NULL,NULL,NULL,'2018-04-17 06:37:51','2018-04-17 06:37:51',202),(204,'قطاع حكومي','Gov-Bn-204','بنك القاهرة','بنوك',NULL,NULL,NULL,NULL,NULL,NULL,NULL,NULL,'الاقصر','الاقصر','فرع الاقصر',NULL,'رقم الفكس: ',NULL,NULL,NULL,'2018-04-17 06:37:52','2018-04-17 06:37:52',NULL),(205,'قطاع حكومي','Gov-Cor-205','شركة غاز الاقاليم (ريجاس)','شركات',NULL,NULL,NULL,NULL,NULL,NULL,'قنا',NULL,'قنا','قنا',NULL,NULL,'رقم الفكس: ',NULL,NULL,NULL,'2018-04-17 06:37:52','2018-04-17 06:37:52',NULL),(206,'قطاع حكومي','Gov-Minis-206','مجلس الدولة-الاقصر-','وزارات',NULL,NULL,NULL,NULL,NULL,'الاقصر',NULL,NULL,'الاقصر','الاقصر','محاكم مجلس الدولة',NULL,'رقم الفكس: ','نور الدين محمود',NULL,NULL,'2018-04-17 06:37:52','2018-04-17 06:37:53',37),(207,'قطاع حكومي','Gov-Minis-207','الشبكة العربية للبيئة و التنمية','وزارات',NULL,NULL,NULL,NULL,NULL,NULL,NULL,NULL,'الاقصر','الاقصر',NULL,NULL,'رقم الفكس: ',NULL,NULL,NULL,'2018-04-17 06:37:53','2018-04-17 06:37:53',NULL),(208,'قطاع حكومي ','Pri-Sc-208','ادارة الساحل التعليمية','مدارس',NULL,NULL,'السيد احمد',NULL,NULL,'ش طلعت بجوار مستشفي اليوم الواحد','روض الفرج',NULL,'القاهرة','القاهرة','المخازن والمشتريات',NULL,'رقم الفكس: ','السيد احمد',NULL,NULL,'2018-04-17 06:37:53','2018-04-17 06:37:53',NULL),(209,'قطاع حكومي ','Pri-Sc-209','ادارة الساحل التعليمية-القاهرة-شبرا','مدارس',NULL,NULL,NULL,NULL,NULL,'مدرسة الكمال ش دنشوي امام مستشفي الساحل','شبرا',NULL,'القاهرة','القاهرة','الشئون القانونية',NULL,'رقم الفكس: ',NULL,NULL,NULL,'2018-04-17 06:37:54','2018-04-17 06:37:54',208),(210,'قطاع حكومي ','Pri-Sc-210','ادارة روض الفرج التعليمية','مدارس',NULL,NULL,NULL,NULL,NULL,'ش نشاطي - مسرة','شبرا',NULL,'القاهرة','القاهرة','شئون الطلبة والامتحانات',NULL,'رقم الفكس: ',NULL,NULL,NULL,'2018-04-17 06:37:54','2018-04-17 06:37:54',NULL),(211,'قطاع حكومي','Gov-Minis-211','مجزر اكتوبر','وزارات',NULL,NULL,'محمد ابراهيم كليلة',NULL,NULL,'ارض جمعية النصر - ابو زعبل','الخانكة',NULL,'القليوبية','القليوبية',NULL,NULL,'رقم الفكس: ',NULL,NULL,NULL,'2018-04-17 06:37:54','2018-04-17 06:37:54',NULL),(212,'قطاع حكومي ','Pri-Sc-212','مدرسة السيدة خديجة الابتدائية','مدارس',NULL,NULL,NULL,NULL,NULL,'ش عبيد الساحل','شبرا',NULL,'القاهرة','القاهرة','مكتب المدير',NULL,'رقم الفكس: ',NULL,NULL,NULL,'2018-04-17 06:37:55','2018-04-17 06:37:55',NULL),(213,'قطاع حكومي','Gov-Minis-213','مركز التنمية البشرية بادارة شبرا التعليمية','وزارات',NULL,NULL,NULL,NULL,NULL,'ش احمد عبد الرحمن متفرع من الدرملى من الترعة البولاقية بجوار خير زمان','شبرا',NULL,'القاهرة','القاهرة','داخل مدرسة النصر الاعدادية بنات',NULL,'رقم الفكس: ','حسين العربى',NULL,NULL,'2018-04-17 06:37:55','2018-04-17 06:37:55',NULL),(214,'قطاع حكومي','Gov-Hl-214','مستشفى الساحل التعليمى','مستشفيات',NULL,NULL,NULL,NULL,NULL,NULL,'شبرا',NULL,'القاهرة','القاهرة','قسم العمليات',NULL,'رقم الفكس: ','هند عصام',NULL,NULL,'2018-04-17 06:37:56','2018-04-17 06:37:56',NULL),(215,'قطاع حكومي ','Pri-Sc-215','ادارة التبين التعليمية','مدارس',NULL,NULL,NULL,NULL,NULL,'كورنيش النيل حلوان','التبين',NULL,'القاهرة','القاهرة','شئون الطلاب',NULL,'رقم الفكس: ','علاء الدين',NULL,NULL,'2018-04-17 06:37:56','2018-04-17 06:37:56',NULL),(216,'قطاع حكومي ','Pri-Minis-216','الادارة العامة لمرور القاهرة','وزارات',NULL,NULL,NULL,NULL,NULL,NULL,'عين الصيرة',NULL,'القاهرة','القاهرة','الشئون الادارية',NULL,'رقم الفكس: ',NULL,NULL,NULL,'2018-04-17 06:37:57','2018-04-17 06:37:57',NULL),(217,'قطاع حكومي','Gov-Minis-217','الشبكة العربية للبيئة و التنمية-القاهرة-زهراء المعادى','وزارات',NULL,NULL,NULL,NULL,NULL,'عمارات مصر للتعمير','زهراء المعادى',NULL,'القاهرة','القاهرة',NULL,NULL,'رقم الفكس: ',NULL,NULL,NULL,'2018-04-17 06:37:57','2018-04-17 06:37:57',207),(218,'قطاع حكومي','Gov-Cor-218','شركة جنوب القاهرة لتوزيع الكهرباء-القاهرة-زهراء المعادى','شركات',NULL,NULL,NULL,NULL,NULL,'ش زهراء المعادي بجوار فودافون القطامية','زهراء المعادى',NULL,'القاهرة','القاهرة','قسم مخازن جنوب القاهرة',NULL,'رقم الفكس: ','احمد حلمي',NULL,NULL,'2018-04-17 06:37:57','2018-04-17 06:37:57',1),(219,'قطاع حكومي','Gov-Cor-219','شركة جنوب القاهرة لتوزيع الكهرباء-القاهرة-حلوان','شركات',NULL,NULL,NULL,NULL,NULL,'المشروع الامريكى ـ مجاورة 3 ـ بجوار البوسطة ','حلوان',NULL,'القاهرة','القاهرة','ادارة ايرادات 15 مايو',NULL,'رقم الفكس: ','م ناهد',NULL,NULL,'2018-04-17 06:37:58','2018-04-17 06:37:58',1),(220,'قطاع حكومي','Gov-Cor-220','شركة جنوب القاهرة لتوزيع الكهرباء-القاهرة-المعادى','شركات',NULL,NULL,NULL,NULL,NULL,'الاتواستراد','المعادى',NULL,'القاهرة','القاهرة','مخزن التنفيذ الذاتى ومشروعات الشبكات',NULL,'رقم الفكس: ','عيسى احمد عيسى',NULL,NULL,'2018-04-17 06:37:58','2018-04-17 06:37:58',1),(221,'قطاع حكومي','Gov-Cor-221','شركة جنوب القاهرة لتوزيع الكهرباء-القاهرة-البساتين','شركات',NULL,NULL,NULL,NULL,NULL,'امام قسم البساتين','البساتين',NULL,'القاهرة','القاهرة','مدير عام شبكات البساتين',NULL,'رقم الفكس: ','سامى عطية',NULL,NULL,'2018-04-17 06:37:58','2018-04-17 06:37:58',1),(222,'قطاع حكومي','Gov-Cor-222','شركة جنوب القاهرة لتوزيع الكهرباء-القاهرة-المعادى','شركات',NULL,NULL,NULL,NULL,NULL,'ش وادى النيل ـ خلف شركة المياه','المعادى',NULL,'القاهرة','القاهرة','الادارة العامة لشبكات توزيع المعادى',NULL,'رقم الفكس: ','مدبر عام شبكات المعادى',NULL,NULL,'2018-04-17 06:37:59','2018-04-17 06:37:59',1),(223,'قطاع حكومي','Gov-Cor-223','شركة جنوب القاهرة لتوزيع الكهرباء-القاهرة-المعادى','شركات',NULL,NULL,NULL,NULL,NULL,'ش وادى النيل ـ خلف شركة المياه','المعادى',NULL,'القاهرة','القاهرة','الادارة العامة لشبكات توزيع المعادى',NULL,'رقم الفكس: ','خدمة المستثمرين',NULL,NULL,'2018-04-17 06:37:59','2018-04-17 06:37:59',1),(224,'قطاع حكومي ','Pri-Sc-224','مدرسة 15 مايو المتقدمة الصناعية','مدارس',NULL,NULL,NULL,NULL,NULL,'مجاورة 19 بجوار السيرك و الكنيسة 15 مايو','مدينة 15 مايو',NULL,'القاهرة','القاهرة','الادارة',NULL,'رقم الفكس: ',NULL,NULL,NULL,'2018-04-17 06:37:59','2018-04-17 06:37:59',NULL),(225,'قطاع حكومي ','Pri-Sc-225','مدرسة ابو بكر الصديق الابتدائية','مدارس',NULL,NULL,NULL,NULL,NULL,'مجاورة 31 بجوار مسجد عباد الرحمن','مدينة 15 مايو',NULL,'القاهرة','القاهرة','المديرة',NULL,'رقم الفكس: ',NULL,NULL,NULL,'2018-04-17 06:38:00','2018-04-17 06:38:00',NULL),(226,'قطاع حكومي ','Pri-Sc-226','مدرسة ابو بكر الصديق الاعدادية','مدارس',NULL,NULL,NULL,NULL,NULL,'مجاورة 31 بجوار مسجد عباد الرحمن','مدينة 15 مايو',NULL,'القاهرة','القاهرة','المديرة',NULL,'رقم الفكس: ',NULL,NULL,NULL,'2018-04-17 06:38:00','2018-04-17 06:38:00',NULL),(227,'قطاع حكومي ','Pri-Sc-227','مدرسة الحرية الرسمية للغات','مدارس',NULL,NULL,NULL,NULL,NULL,'مدينة 15 مايو مجاورة 35','حلوان',NULL,'القاهرة','القاهرة','مكتب المدير',NULL,'رقم الفكس: ','محمود عبد العاطي',NULL,NULL,'2018-04-17 06:38:00','2018-04-17 06:38:00',NULL),(228,'قطاع حكومي ','Pri-Sc-228','مدرسة الحرية الرسمية للغات-القاهرة-حلوان','مدارس',NULL,NULL,NULL,NULL,NULL,'مدينة 15 مايو مجاورة 35','حلوان',NULL,'القاهرة','القاهرة','مكتب المدير -كمبيوتر',NULL,'رقم الفكس: ','محمود عبد العاطي',NULL,NULL,'2018-04-17 06:38:01','2018-04-17 06:38:01',227),(229,'قطاع حكومي ','Pri-Sc-229','مدرسة الشهيد عبد الخالق منيل الرسمية لغات ','مدارس',NULL,NULL,NULL,NULL,NULL,'اخر شارع المحجر ','طره البلد',NULL,'القاهرة','القاهرة','مديرة المدرسة',NULL,'رقم الفكس: ','منار ابراهيم ',NULL,NULL,'2018-04-17 06:38:01','2018-04-17 06:38:01',NULL),(230,'قطاع حكومي ','Pri-Sc-230','مدرسة اللواء عزت','مدارس',NULL,NULL,NULL,NULL,NULL,'مجاورة 20 مدينة 15 مايو بجوار السوق','مدينة 15 مايو',NULL,'القاهرة','القاهرة','المدير',NULL,'رقم الفكس: ',NULL,NULL,NULL,'2018-04-17 06:38:02','2018-04-17 06:38:02',NULL),(231,'قطاع حكومي ','Pri-Sc-231','مدرسة المستقبل الاعدادية','مدارس',NULL,NULL,NULL,NULL,NULL,'مجاورة 34','مدينة 15 مايو',NULL,'القاهرة','القاهرة','الادارة',NULL,'رقم الفكس: ',NULL,NULL,NULL,'2018-04-17 06:38:02','2018-04-17 06:38:02',NULL),(232,'قطاع حكومي ','Pri-Sc-232','مدرسة انور السادات للغات','مدارس',NULL,NULL,NULL,NULL,NULL,'مجاورة 36 مجمع النيابة الادارية','مدينة 15 مايو',NULL,'القاهرة','القاهرة','الادارة',NULL,'رقم الفكس: ',NULL,NULL,NULL,'2018-04-17 06:38:02','2018-04-17 06:38:03',NULL),(233,'قطاع حكومي ','Pri-Sc-233','مدرسة خالد بن الوليد الابتدائية','مدارس',NULL,NULL,NULL,NULL,NULL,'مجاورة 9 امتداد مدينة 15 مايو','مدينة 15 مايو',NULL,'القاهرة','القاهرة','المديرة',NULL,'رقم الفكس: ',NULL,NULL,NULL,'2018-04-17 06:38:03','2018-04-17 06:38:03',NULL),(234,'قطاع حكومي ','Pri-Sc-234','مدرسة خالد بن الوليد الاعدادية','مدارس',NULL,NULL,NULL,NULL,NULL,'امتداد مجاورة 9','مدينة 15 مايو',NULL,'القاهرة','القاهرة','المعمل',NULL,'رقم الفكس: ',NULL,NULL,NULL,'2018-04-17 06:38:03','2018-04-17 06:38:03',NULL),(235,'قطاع حكومي ','Pri-Sc-235','مدرسة عباس العقاد الابتدائية','مدارس',NULL,NULL,NULL,NULL,NULL,'مجاورة 10 بجوار السوق','مدينة 15 مايو',NULL,'القاهرة','القاهرة',NULL,NULL,'رقم الفكس: ',NULL,NULL,NULL,'2018-04-17 06:38:04','2018-04-17 06:38:04',NULL),(236,'قطاع حكومي ','Pri-Sc-236','مدرسة على مبارك الابتدائية','مدارس',NULL,NULL,NULL,NULL,NULL,'مجاورة 34 ','مدينة 15 مايو',NULL,'القاهرة','القاهرة','المديرة',NULL,'رقم الفكس: ',NULL,NULL,NULL,'2018-04-17 06:38:04','2018-04-17 06:38:04',NULL),(237,'قطاع حكومي ','Pri-Sc-237','مدرسة عمار ابن ياسر','مدارس',NULL,NULL,NULL,NULL,NULL,'ش اثر النبي','مصر القديمة',NULL,'القاهرة','القاهرة','المدير',NULL,'رقم الفكس: ','مصطفي عبد اللطيف',NULL,NULL,'2018-04-17 06:38:04','2018-04-17 06:38:04',NULL),(238,'قطاع حكومي ','Pri-Sc-238','مدرسة عمر بن الخطاب الثانوية بنين','مدارس',NULL,NULL,NULL,NULL,NULL,'مجاورة 5 امتداد مدينة 15 مايو','مدينة 15 مايو',NULL,'القاهرة','القاهرة','المدير',NULL,'رقم الفكس: ',NULL,NULL,NULL,'2018-04-17 06:38:05','2018-04-17 06:38:05',NULL),(239,'قطاع حكومي ','Pri-Sc-239','مدرسة فاطمة الزهراء الاعدادية بنات','مدارس',NULL,NULL,NULL,NULL,NULL,'مجاورة 16 مدينة 15 مايو','مدينة 15 مايو',NULL,'القاهرة','القاهرة','سكرتارية',NULL,'رقم الفكس: ',NULL,NULL,NULL,'2018-04-17 06:38:05','2018-04-17 06:38:05',NULL),(240,'قطاع حكومي ','Pri-Sc-240','مدرسة مصطفى كامل الابتدائية','مدارس',NULL,NULL,NULL,NULL,NULL,'مجاورة 1 بجوار قسم 15 مايو','مدينة 15 مايو',NULL,'القاهرة','القاهرة','المعمل',NULL,'رقم الفكس: ',NULL,NULL,NULL,'2018-04-17 06:38:05','2018-04-17 06:38:05',NULL),(241,'قطاع حكومي ','Pri-Sc-241','مدرسة مصطفى كامل الاعدادية المشتركة','مدارس',NULL,NULL,NULL,NULL,NULL,'مجاورة 1 بجوار مسجد المحمدى بجوار قسم 15 مايو','مدينة 15 مايو',NULL,'القاهرة','القاهرة','المديرة',NULL,'رقم الفكس: ',NULL,NULL,NULL,'2018-04-17 06:38:06','2018-04-17 06:38:06',NULL),(242,'قطاع حكومي','Gov-Minis-242','مؤسسة التثقيف الفكرى-القاهرة-حلوان','وزارات',NULL,NULL,NULL,NULL,NULL,'المساكن الاقتصادية امام بلوك 12','حلوان',NULL,'القاهرة','القاهرة','المؤسسة القومية لتنمية الاسرة و المجتمع',NULL,'رقم الفكس: ',NULL,NULL,NULL,'2018-04-17 06:38:06','2018-04-17 06:38:06',108),(243,'قطاع حكومي','Gov-Minis-243','مؤسسة التضامن للتمويل الاصغر-القاهرة-دار السلام','وزارات',NULL,NULL,NULL,NULL,NULL,'ش محمد حسين مطر -ابو طالب - دار السلام','دار السلام',NULL,'القاهرة','القاهرة','منطقة جنوب القاهرة دار السلام',NULL,'رقم الفكس: ','كريم حلمي',NULL,NULL,'2018-04-17 06:38:07','2018-04-17 06:38:07',10),(244,'قطاع حكومي','Gov-Minis-244','مؤسسة التضامن للتمويل الاصغر-القاهرة-دار السلام','وزارات',NULL,NULL,NULL,NULL,NULL,'ش الفيوم','دار السلام',NULL,'القاهرة','القاهرة',NULL,NULL,'رقم الفكس: ','محمد مشعل',NULL,NULL,'2018-04-17 06:38:07','2018-04-17 06:38:07',10),(245,'قطاع حكومي ','Pri-Minis-245','الادارة العامة لمرور القاهرة-القاهرة-مدينة نصر','وزارات',NULL,NULL,NULL,NULL,NULL,'بجوار هيئة النقل العام الحي السادس ','مدينة نصر',NULL,'القاهرة','القاهرة','معسكر تدريب المجندين',NULL,'رقم الفكس: ','الرائد عبد الرحمن فوزي',NULL,NULL,'2018-04-17 06:38:07','2018-04-17 06:38:07',216),(246,'قطاع حكومي','Gov-Hl-246','المركز الطبى التخصصى','مستشفيات',NULL,NULL,NULL,NULL,NULL,'الحى السابع','مدينة نصر',NULL,'القاهرة','القاهرة','سكرتارية المدير',NULL,'رقم الفكس: ','سالى عبد الروؤف',NULL,NULL,'2018-04-17 06:38:08','2018-04-17 06:38:08',NULL),(247,'قطاع حكومي','Gov-Hl-247','المركز الطبى التخصصى-القاهرة-مدينة نصر','مستشفيات',NULL,NULL,NULL,NULL,NULL,'الحى السابع','مدينة نصر',NULL,'القاهرة','القاهرة','الريسبشن',NULL,'رقم الفكس: ','ايمان عبد الفتاح ',NULL,NULL,'2018-04-17 06:38:08','2018-04-17 06:38:08',246),(248,'قطاع حكومي','Gov-Hl-248','المركز الطبى التخصصى-القاهرة-مدينة نصر','مستشفيات',NULL,NULL,NULL,NULL,NULL,'الحى السابع','مدينة نصر',NULL,'القاهرة','القاهرة','الحسابات',NULL,'رقم الفكس: ','هانى محمود محمد',NULL,NULL,'2018-04-17 06:38:08','2018-04-17 06:38:08',246),(249,'قطاع حكومي','Gov-Cor-249','شركة جنوب القاهرة لتوزيع الكهرباء-القاهرة-المقطم','شركات',NULL,NULL,' محمد قطب',NULL,NULL,'ميدان النافورة - مسجد الحمد','المقطم',NULL,'القاهرة','القاهرة','مدير عام شبكات المقطم',NULL,'رقم الفكس: ',NULL,NULL,NULL,'2018-04-17 06:38:09','2018-04-17 06:38:09',1),(250,'قطاع خاص','Pri-Cor-250','شركة غاز الاقاليم (ريجاس)-القاهرة-مدينة نصر','شركات',NULL,NULL,'منصور صلاح',NULL,NULL,'ش احمد ابو العلا','مدينة نصر',NULL,'القاهرة','القاهرة',NULL,NULL,'رقم الفكس: ','منصور صلاح',NULL,NULL,'2018-04-17 06:38:10','2018-04-17 06:38:10',205),(251,'قطاع حكومي','Gov-Cor-251','شركة غاز الاقاليم (ريجاس)-القاهرة-مدينة نصر','شركات',NULL,NULL,NULL,NULL,NULL,'ش احمد ابو العلا ـ المنطقة الثامنة ـ الدور الثالث','مدينة نصر',NULL,'القاهرة','القاهرة','ادارة المشتريات',NULL,'رقم الفكس: ','ياسر عماد',NULL,NULL,'2018-04-17 06:38:10','2018-04-17 06:38:10',205),(252,'قطاع حكومي','Gov-Cor-252','شركة غاز الاقاليم (ريجاس)-القاهرة-مدينة نصر','شركات',NULL,NULL,NULL,NULL,NULL,'ش احمد ابو العلا ـ المنطقة الثامنة ـ الدور الثالث','مدينة نصر',NULL,'القاهرة','القاهرة','الشئون المالية',NULL,'رقم الفكس: ','ياسر عماد',NULL,NULL,'2018-04-17 06:38:10','2018-04-17 06:38:10',205),(253,'قطاع حكومي','Gov-Minis-253','مجلس الدولة-القاهرة-مدينة نصر','وزارات',NULL,NULL,NULL,NULL,NULL,' شارع النبوي المهندس حي السفارات امتداد عباس العقاد','مدينة نصر',NULL,'القاهرة','القاهرة','ادارة فتوي التعليم العالي',NULL,'رقم الفكس: ','سهير بكري',NULL,NULL,'2018-04-17 06:38:11','2018-04-17 06:38:11',37),(254,'قطاع حكومي','Gov-Minis-254','مجلس الدولة-القاهرة-مدينة نصر','وزارات',NULL,NULL,NULL,NULL,NULL,'ش احمد الزمر الحى السابع بجوار انبى حى السفارات - الدور 4','مدينة نصر',NULL,'القاهرة','القاهرة','فتوى الكهرباء والطاقة والبترول',NULL,'رقم الفكس: 22737318','محمد صلاح',NULL,NULL,'2018-04-17 06:38:11','2018-04-17 06:38:12',37),(255,'قطاع حكومي','Gov-Minis-255','مجمع الشرطة لصيانة السيارات','وزارات',NULL,NULL,NULL,NULL,NULL,'الحي السابع','مدينة نصر',NULL,'القاهرة','القاهرة','الشئون الادارية الدور الثاني',NULL,'رقم الفكس: ','احمد عطا',NULL,NULL,'2018-04-17 06:38:12','2018-04-17 06:38:12',NULL),(256,'قطاع حكومي','Gov-Minis-256','مجمع الشرطة لصيانة السيارات-القاهرة-مدينة نصر','وزارات',NULL,NULL,NULL,NULL,NULL,'الحي السابع','مدينة نصر',NULL,'القاهرة','القاهرة','الشئون الادارية الدور الثاني',NULL,'رقم الفكس: ','احمد عطا',NULL,NULL,'2018-04-17 06:38:12','2018-04-17 06:38:12',255);
/*!40000 ALTER TABLE `customers` ENABLE KEYS */;
UNLOCK TABLES;

--
-- Table structure for table `departments`
--

DROP TABLE IF EXISTS `departments`;
/*!40101 SET @saved_cs_client     = @@character_set_client */;
/*!40101 SET character_set_client = utf8 */;
CREATE TABLE `departments` (
  `id` int(10) unsigned NOT NULL AUTO_INCREMENT,
  `name` varchar(191) COLLATE utf8mb4_unicode_ci DEFAULT NULL,
  `comments` text COLLATE utf8mb4_unicode_ci,
  `created_at` timestamp NULL DEFAULT NULL,
  `updated_at` timestamp NULL DEFAULT NULL,
  PRIMARY KEY (`id`)
) ENGINE=InnoDB DEFAULT CHARSET=utf8mb4 COLLATE=utf8mb4_unicode_ci;
/*!40101 SET character_set_client = @saved_cs_client */;

--
-- Dumping data for table `departments`
--

LOCK TABLES `departments` WRITE;
/*!40000 ALTER TABLE `departments` DISABLE KEYS */;
/*!40000 ALTER TABLE `departments` ENABLE KEYS */;
UNLOCK TABLES;

--
-- Table structure for table `emp_mach_assignments`
--

DROP TABLE IF EXISTS `emp_mach_assignments`;
/*!40101 SET @saved_cs_client     = @@character_set_client */;
/*!40101 SET character_set_client = utf8 */;
CREATE TABLE `emp_mach_assignments` (
  `employee_id` int(10) unsigned NOT NULL,
  `printing_machine_id` int(10) unsigned NOT NULL,
  `created_at` timestamp NULL DEFAULT NULL,
  `updated_at` timestamp NULL DEFAULT NULL,
  PRIMARY KEY (`employee_id`,`printing_machine_id`),
  KEY `emp_mach_assignments_employee_id_index` (`employee_id`),
  KEY `emp_mach_assignments_printing_machine_id_index` (`printing_machine_id`),
  CONSTRAINT `emp_mach_assignments_employee_id_foreign` FOREIGN KEY (`employee_id`) REFERENCES `employees` (`id`) ON DELETE CASCADE,
  CONSTRAINT `emp_mach_assignments_printing_machine_id_foreign` FOREIGN KEY (`printing_machine_id`) REFERENCES `printing_machines` (`id`) ON DELETE CASCADE
) ENGINE=InnoDB DEFAULT CHARSET=utf8mb4 COLLATE=utf8mb4_unicode_ci;
/*!40101 SET character_set_client = @saved_cs_client */;

--
-- Dumping data for table `emp_mach_assignments`
--

LOCK TABLES `emp_mach_assignments` WRITE;
/*!40000 ALTER TABLE `emp_mach_assignments` DISABLE KEYS */;
INSERT INTO `emp_mach_assignments` VALUES (1,1,NULL,NULL),(1,2,NULL,NULL),(1,3,NULL,NULL),(1,4,NULL,NULL),(1,5,NULL,NULL),(1,6,NULL,NULL),(1,7,NULL,NULL),(1,8,NULL,NULL),(1,9,NULL,NULL),(1,10,NULL,NULL),(1,11,NULL,NULL),(2,12,NULL,NULL),(2,13,NULL,NULL),(2,14,NULL,NULL),(2,15,NULL,NULL),(2,16,NULL,NULL),(2,17,NULL,NULL),(2,18,NULL,NULL),(2,19,NULL,NULL),(2,20,NULL,NULL),(2,21,NULL,NULL),(2,22,NULL,NULL),(2,23,NULL,NULL),(2,24,NULL,NULL),(2,25,NULL,NULL),(2,26,NULL,NULL),(2,27,NULL,NULL),(2,28,NULL,NULL),(2,29,NULL,NULL),(2,30,NULL,NULL),(2,31,NULL,NULL),(2,32,NULL,NULL),(3,33,NULL,NULL),(3,34,NULL,NULL),(3,35,NULL,NULL),(3,36,NULL,NULL),(3,37,NULL,NULL),(3,38,NULL,NULL),(3,39,NULL,NULL),(3,40,NULL,NULL),(3,41,NULL,NULL),(3,42,NULL,NULL),(3,43,NULL,NULL),(4,44,NULL,NULL),(4,45,NULL,NULL),(4,46,NULL,NULL),(4,47,NULL,NULL),(4,48,NULL,NULL),(4,49,NULL,NULL),(4,50,NULL,NULL),(4,51,NULL,NULL),(5,52,NULL,NULL),(5,53,NULL,NULL),(5,54,NULL,NULL),(5,55,NULL,NULL),(5,56,NULL,NULL),(5,57,NULL,NULL),(5,58,NULL,NULL),(5,59,NULL,NULL),(5,60,NULL,NULL),(5,61,NULL,NULL),(5,62,NULL,NULL),(5,63,NULL,NULL),(5,64,NULL,NULL),(5,65,NULL,NULL),(5,66,NULL,NULL),(5,67,NULL,NULL),(5,68,NULL,NULL),(5,69,NULL,NULL),(5,70,NULL,NULL),(5,71,NULL,NULL),(5,72,NULL,NULL),(5,73,NULL,NULL),(5,74,NULL,NULL),(5,75,NULL,NULL),(5,76,NULL,NULL),(5,77,NULL,NULL),(5,78,NULL,NULL),(5,79,NULL,NULL),(5,80,NULL,NULL),(6,81,NULL,NULL),(6,82,NULL,NULL),(6,83,NULL,NULL),(6,84,NULL,NULL),(6,85,NULL,NULL),(6,86,NULL,NULL),(7,87,NULL,NULL),(7,88,NULL,NULL),(7,89,NULL,NULL),(7,90,NULL,NULL),(7,91,NULL,NULL),(7,92,NULL,NULL),(7,93,NULL,NULL),(7,94,NULL,NULL),(7,95,NULL,NULL),(7,96,NULL,NULL),(7,97,NULL,NULL),(7,98,NULL,NULL),(7,99,NULL,NULL),(7,100,NULL,NULL),(7,101,NULL,NULL),(7,102,NULL,NULL),(8,103,NULL,NULL),(8,104,NULL,NULL),(8,105,NULL,NULL),(8,106,NULL,NULL),(8,107,NULL,NULL),(8,108,NULL,NULL),(8,109,NULL,NULL),(9,110,NULL,NULL),(9,111,NULL,NULL),(9,112,NULL,NULL),(9,113,NULL,NULL),(9,114,NULL,NULL),(9,115,NULL,NULL),(10,116,NULL,NULL),(10,117,NULL,NULL),(10,118,NULL,NULL),(10,119,NULL,NULL),(10,120,NULL,NULL),(10,121,NULL,NULL),(10,122,NULL,NULL),(10,123,NULL,NULL),(10,124,NULL,NULL),(10,125,NULL,NULL),(10,126,NULL,NULL),(10,127,NULL,NULL),(10,128,NULL,NULL),(10,129,NULL,NULL),(10,130,NULL,NULL),(10,131,NULL,NULL),(10,132,NULL,NULL),(10,133,NULL,NULL),(10,134,NULL,NULL),(10,135,NULL,NULL),(10,136,NULL,NULL),(10,137,NULL,NULL),(10,138,NULL,NULL),(11,139,NULL,NULL),(11,140,NULL,NULL),(11,141,NULL,NULL),(11,142,NULL,NULL),(11,143,NULL,NULL),(11,144,NULL,NULL),(11,145,NULL,NULL),(11,146,NULL,NULL),(11,147,NULL,NULL),(11,148,NULL,NULL),(11,149,NULL,NULL),(12,150,NULL,NULL),(12,151,NULL,NULL),(13,152,NULL,NULL),(13,153,NULL,NULL),(13,154,NULL,NULL),(13,155,NULL,NULL),(13,156,NULL,NULL),(13,157,NULL,NULL),(13,158,NULL,NULL),(13,159,NULL,NULL),(13,160,NULL,NULL),(13,161,NULL,NULL),(13,162,NULL,NULL),(13,163,NULL,NULL),(13,164,NULL,NULL),(13,165,NULL,NULL),(13,166,NULL,NULL),(13,167,NULL,NULL),(13,168,NULL,NULL),(13,169,NULL,NULL),(13,170,NULL,NULL),(13,171,NULL,NULL),(13,172,NULL,NULL),(13,173,NULL,NULL),(14,174,NULL,NULL),(14,175,NULL,NULL),(14,176,NULL,NULL),(14,177,NULL,NULL),(14,178,NULL,NULL),(14,179,NULL,NULL),(14,180,NULL,NULL),(14,181,NULL,NULL),(14,182,NULL,NULL),(14,183,NULL,NULL),(14,184,NULL,NULL),(14,185,NULL,NULL),(15,186,NULL,NULL),(15,187,NULL,NULL),(15,188,NULL,NULL),(15,189,NULL,NULL),(16,190,NULL,NULL),(16,191,NULL,NULL),(17,192,NULL,NULL),(18,193,NULL,NULL),(18,194,NULL,NULL),(18,195,NULL,NULL),(18,196,NULL,NULL),(18,197,NULL,NULL),(19,198,NULL,NULL),(19,199,NULL,NULL),(19,200,NULL,NULL),(20,201,NULL,NULL),(20,202,NULL,NULL),(20,203,NULL,NULL),(21,204,NULL,NULL),(21,205,NULL,NULL),(21,206,NULL,NULL),(21,207,NULL,NULL),(22,208,NULL,NULL),(22,209,NULL,NULL),(22,210,NULL,NULL),(22,211,NULL,NULL),(22,212,NULL,NULL),(22,213,NULL,NULL),(22,214,NULL,NULL),(23,215,NULL,NULL),(23,216,NULL,NULL),(23,217,NULL,NULL),(23,218,NULL,NULL),(23,219,NULL,NULL),(23,220,NULL,NULL),(23,221,NULL,NULL),(23,222,NULL,NULL),(23,223,NULL,NULL),(23,224,NULL,NULL),(23,225,NULL,NULL),(23,226,NULL,NULL),(23,227,NULL,NULL),(23,228,NULL,NULL),(23,229,NULL,NULL),(23,230,NULL,NULL),(23,231,NULL,NULL),(23,232,NULL,NULL),(23,233,NULL,NULL),(23,234,NULL,NULL),(23,235,NULL,NULL),(23,236,NULL,NULL),(23,237,NULL,NULL),(23,238,NULL,NULL),(23,239,NULL,NULL),(23,240,NULL,NULL),(23,241,NULL,NULL),(23,242,NULL,NULL),(23,243,NULL,NULL),(23,244,NULL,NULL),(24,245,NULL,NULL),(24,246,NULL,NULL),(24,247,NULL,NULL),(24,248,NULL,NULL),(24,249,NULL,NULL),(24,250,NULL,NULL),(24,251,NULL,NULL),(24,252,NULL,NULL),(24,253,NULL,NULL),(24,254,NULL,NULL),(24,255,NULL,NULL),(24,256,NULL,NULL);
/*!40000 ALTER TABLE `emp_mach_assignments` ENABLE KEYS */;
UNLOCK TABLES;

--
-- Table structure for table `employees`
--

DROP TABLE IF EXISTS `employees`;
/*!40101 SET @saved_cs_client     = @@character_set_client */;
/*!40101 SET character_set_client = utf8 */;
CREATE TABLE `employees` (
  `id` int(10) unsigned NOT NULL AUTO_INCREMENT,
  `code` varchar(191) COLLATE utf8mb4_unicode_ci DEFAULT NULL,
  `job_title` varchar(191) COLLATE utf8mb4_unicode_ci DEFAULT NULL,
  `date_of_hiring` datetime DEFAULT NULL,
  `salary` double(10,2) DEFAULT NULL,
  `comments` text COLLATE utf8mb4_unicode_ci,
  `created_at` timestamp NULL DEFAULT NULL,
  `updated_at` timestamp NULL DEFAULT NULL,
  `user_id` int(10) unsigned DEFAULT NULL,
  `managed_department_id` int(10) unsigned DEFAULT NULL,
  `department_id` int(10) unsigned DEFAULT NULL,
  PRIMARY KEY (`id`),
  KEY `employees_user_id_foreign` (`user_id`),
  KEY `employees_managed_department_id_foreign` (`managed_department_id`),
  KEY `employees_department_id_foreign` (`department_id`),
  CONSTRAINT `employees_department_id_foreign` FOREIGN KEY (`department_id`) REFERENCES `departments` (`id`) ON DELETE SET NULL,
  CONSTRAINT `employees_managed_department_id_foreign` FOREIGN KEY (`managed_department_id`) REFERENCES `departments` (`id`) ON DELETE SET NULL,
  CONSTRAINT `employees_user_id_foreign` FOREIGN KEY (`user_id`) REFERENCES `users` (`id`) ON DELETE SET NULL
) ENGINE=InnoDB AUTO_INCREMENT=25 DEFAULT CHARSET=utf8mb4 COLLATE=utf8mb4_unicode_ci;
/*!40101 SET character_set_client = @saved_cs_client */;

--
-- Dumping data for table `employees`
--

LOCK TABLES `employees` WRITE;
/*!40000 ALTER TABLE `employees` DISABLE KEYS */;
INSERT INTO `employees` VALUES (1,NULL,'مهندس صيانة',NULL,NULL,NULL,'2018-04-17 06:36:24','2018-04-17 06:36:24',3,NULL,NULL),(2,NULL,'مهندس صيانة',NULL,NULL,NULL,'2018-04-17 06:36:29','2018-04-17 06:36:29',4,NULL,NULL),(3,NULL,'مهندس صيانة',NULL,NULL,NULL,'2018-04-17 06:36:40','2018-04-17 06:36:40',5,NULL,NULL),(4,NULL,'مهندس صيانة',NULL,NULL,NULL,'2018-04-17 06:36:47','2018-04-17 06:36:47',6,NULL,NULL),(5,NULL,'مهندس صيانة',NULL,NULL,NULL,'2018-04-17 06:36:50','2018-04-17 06:36:50',7,NULL,NULL),(6,NULL,'مهندس صيانة',NULL,NULL,NULL,'2018-04-17 06:37:02','2018-04-17 06:37:02',8,NULL,NULL),(7,NULL,'مهندس صيانة',NULL,NULL,NULL,'2018-04-17 06:37:05','2018-04-17 06:37:05',9,NULL,NULL),(8,NULL,'مهندس صيانة',NULL,NULL,NULL,'2018-04-17 06:37:11','2018-04-17 06:37:11',10,NULL,NULL),(9,NULL,'مهندس صيانة',NULL,NULL,NULL,'2018-04-17 06:37:13','2018-04-17 06:37:13',11,NULL,NULL),(10,NULL,'مهندس صيانة',NULL,NULL,NULL,'2018-04-17 06:37:16','2018-04-17 06:37:16',12,NULL,NULL),(11,NULL,'مهندس صيانة',NULL,NULL,NULL,'2018-04-17 06:37:26','2018-04-17 06:37:26',13,NULL,NULL),(12,NULL,'مهندس صيانة',NULL,NULL,NULL,'2018-04-17 06:37:30','2018-04-17 06:37:30',14,NULL,NULL),(13,NULL,'مهندس صيانة',NULL,NULL,NULL,'2018-04-17 06:37:31','2018-04-17 06:37:31',15,NULL,NULL),(14,NULL,'مهندس صيانة',NULL,NULL,NULL,'2018-04-17 06:37:40','2018-04-17 06:37:40',16,NULL,NULL),(15,NULL,'مهندس صيانة',NULL,NULL,NULL,'2018-04-17 06:37:45','2018-04-17 06:37:45',17,NULL,NULL),(16,NULL,'مهندس صيانة',NULL,NULL,NULL,'2018-04-17 06:37:46','2018-04-17 06:37:46',18,NULL,NULL),(17,NULL,'مهندس صيانة',NULL,NULL,NULL,'2018-04-17 06:37:47','2018-04-17 06:37:47',19,NULL,NULL),(18,NULL,'مهندس صيانة',NULL,NULL,NULL,'2018-04-17 06:37:48','2018-04-17 06:37:48',20,NULL,NULL),(19,NULL,'مهندس صيانة',NULL,NULL,NULL,'2018-04-17 06:37:49','2018-04-17 06:37:49',21,NULL,NULL),(20,NULL,'مهندس صيانة',NULL,NULL,NULL,'2018-04-17 06:37:51','2018-04-17 06:37:51',22,NULL,NULL),(21,NULL,'مهندس صيانة',NULL,NULL,NULL,'2018-04-17 06:37:52','2018-04-17 06:37:52',23,NULL,NULL),(22,NULL,'مهندس صيانة',NULL,NULL,NULL,'2018-04-17 06:37:53','2018-04-17 06:37:53',24,NULL,NULL),(23,NULL,'مهندس صيانة',NULL,NULL,NULL,'2018-04-17 06:37:56','2018-04-17 06:37:56',25,NULL,NULL),(24,NULL,'مهندس صيانة',NULL,NULL,NULL,'2018-04-17 06:38:07','2018-04-17 06:38:07',26,NULL,NULL);
/*!40000 ALTER TABLE `employees` ENABLE KEYS */;
UNLOCK TABLES;

--
-- Table structure for table `follow_up_card_special_reports`
--

DROP TABLE IF EXISTS `follow_up_card_special_reports`;
/*!40101 SET @saved_cs_client     = @@character_set_client */;
/*!40101 SET character_set_client = utf8 */;
CREATE TABLE `follow_up_card_special_reports` (
  `id` int(10) unsigned NOT NULL AUTO_INCREMENT,
  `the_date` datetime DEFAULT NULL,
  `readings_of_printing_machine` varchar(191) COLLATE utf8mb4_unicode_ci DEFAULT NULL,
  `indexation_number` varchar(191) COLLATE utf8mb4_unicode_ci DEFAULT NULL,
  `invoice_number` varchar(191) COLLATE utf8mb4_unicode_ci DEFAULT NULL,
  `the_payment` varchar(191) COLLATE utf8mb4_unicode_ci DEFAULT NULL,
  `report` text COLLATE utf8mb4_unicode_ci,
  `auditor_name` varchar(191) COLLATE utf8mb4_unicode_ci DEFAULT NULL,
  `comments` text COLLATE utf8mb4_unicode_ci,
  `created_at` timestamp NULL DEFAULT NULL,
  `updated_at` timestamp NULL DEFAULT NULL,
  `follow_up_card_id` int(10) unsigned DEFAULT NULL,
  PRIMARY KEY (`id`),
  KEY `follow_up_card_special_reports_follow_up_card_id_foreign` (`follow_up_card_id`),
  CONSTRAINT `follow_up_card_special_reports_follow_up_card_id_foreign` FOREIGN KEY (`follow_up_card_id`) REFERENCES `follow_up_cards` (`id`) ON DELETE CASCADE
) ENGINE=InnoDB DEFAULT CHARSET=utf8mb4 COLLATE=utf8mb4_unicode_ci;
/*!40101 SET character_set_client = @saved_cs_client */;

--
-- Dumping data for table `follow_up_card_special_reports`
--

LOCK TABLES `follow_up_card_special_reports` WRITE;
/*!40000 ALTER TABLE `follow_up_card_special_reports` DISABLE KEYS */;
/*!40000 ALTER TABLE `follow_up_card_special_reports` ENABLE KEYS */;
UNLOCK TABLES;

--
-- Table structure for table `follow_up_cards`
--

DROP TABLE IF EXISTS `follow_up_cards`;
/*!40101 SET @saved_cs_client     = @@character_set_client */;
/*!40101 SET character_set_client = utf8 */;
CREATE TABLE `follow_up_cards` (
  `id` int(10) unsigned NOT NULL AUTO_INCREMENT,
  `code` varchar(191) COLLATE utf8mb4_unicode_ci DEFAULT NULL,
  `comments` text COLLATE utf8mb4_unicode_ci,
  `created_at` timestamp NULL DEFAULT NULL,
  `updated_at` timestamp NULL DEFAULT NULL,
  `contract_id` int(10) unsigned DEFAULT NULL,
  `printing_machine_id` int(10) unsigned DEFAULT NULL,
  PRIMARY KEY (`id`),
  KEY `follow_up_cards_contract_id_foreign` (`contract_id`),
  KEY `follow_up_cards_printing_machine_id_foreign` (`printing_machine_id`),
  CONSTRAINT `follow_up_cards_contract_id_foreign` FOREIGN KEY (`contract_id`) REFERENCES `contracts` (`id`) ON DELETE CASCADE,
  CONSTRAINT `follow_up_cards_printing_machine_id_foreign` FOREIGN KEY (`printing_machine_id`) REFERENCES `printing_machines` (`id`) ON DELETE CASCADE
) ENGINE=InnoDB DEFAULT CHARSET=utf8mb4 COLLATE=utf8mb4_unicode_ci;
/*!40101 SET character_set_client = @saved_cs_client */;

--
-- Dumping data for table `follow_up_cards`
--

LOCK TABLES `follow_up_cards` WRITE;
/*!40000 ALTER TABLE `follow_up_cards` DISABLE KEYS */;
/*!40000 ALTER TABLE `follow_up_cards` ENABLE KEYS */;
UNLOCK TABLES;

--
-- Table structure for table `i_r_other_items`
--

DROP TABLE IF EXISTS `i_r_other_items`;
/*!40101 SET @saved_cs_client     = @@character_set_client */;
/*!40101 SET character_set_client = utf8 */;
CREATE TABLE `i_r_other_items` (
  `id` int(10) unsigned NOT NULL AUTO_INCREMENT,
  `installation_record_id` int(10) unsigned DEFAULT NULL,
  `item_name` varchar(191) COLLATE utf8mb4_unicode_ci DEFAULT NULL,
  `item_description` text COLLATE utf8mb4_unicode_ci,
  `created_at` timestamp NULL DEFAULT NULL,
  `updated_at` timestamp NULL DEFAULT NULL,
  PRIMARY KEY (`id`),
  KEY `i_r_other_items_installation_record_id_foreign` (`installation_record_id`),
  CONSTRAINT `i_r_other_items_installation_record_id_foreign` FOREIGN KEY (`installation_record_id`) REFERENCES `installation_records` (`id`) ON DELETE CASCADE
) ENGINE=InnoDB DEFAULT CHARSET=utf8mb4 COLLATE=utf8mb4_unicode_ci;
/*!40101 SET character_set_client = @saved_cs_client */;

--
-- Dumping data for table `i_r_other_items`
--

LOCK TABLES `i_r_other_items` WRITE;
/*!40000 ALTER TABLE `i_r_other_items` DISABLE KEYS */;
/*!40000 ALTER TABLE `i_r_other_items` ENABLE KEYS */;
UNLOCK TABLES;

--
-- Table structure for table `indexation_part`
--

DROP TABLE IF EXISTS `indexation_part`;
/*!40101 SET @saved_cs_client     = @@character_set_client */;
/*!40101 SET character_set_client = utf8 */;
CREATE TABLE `indexation_part` (
  `id` int(10) unsigned NOT NULL AUTO_INCREMENT,
  `indexation_id` int(10) unsigned NOT NULL,
  `part_id` int(10) unsigned NOT NULL,
  `price` double(10,2) DEFAULT NULL,
  `serial_number` varchar(191) COLLATE utf8mb4_unicode_ci DEFAULT NULL,
  `number_of_parts` int(11) DEFAULT NULL,
  `discount_rate` int(11) DEFAULT NULL,
  `created_at` timestamp NULL DEFAULT NULL,
  `updated_at` timestamp NULL DEFAULT NULL,
  PRIMARY KEY (`id`),
  KEY `indexation_part_indexation_id_index` (`indexation_id`),
  KEY `indexation_part_part_id_index` (`part_id`),
  CONSTRAINT `indexation_part_indexation_id_foreign` FOREIGN KEY (`indexation_id`) REFERENCES `indexations` (`id`) ON DELETE CASCADE,
  CONSTRAINT `indexation_part_part_id_foreign` FOREIGN KEY (`part_id`) REFERENCES `parts` (`id`) ON DELETE CASCADE
) ENGINE=InnoDB DEFAULT CHARSET=utf8mb4 COLLATE=utf8mb4_unicode_ci;
/*!40101 SET character_set_client = @saved_cs_client */;

--
-- Dumping data for table `indexation_part`
--

LOCK TABLES `indexation_part` WRITE;
/*!40000 ALTER TABLE `indexation_part` DISABLE KEYS */;
/*!40000 ALTER TABLE `indexation_part` ENABLE KEYS */;
UNLOCK TABLES;

--
-- Table structure for table `indexations`
--

DROP TABLE IF EXISTS `indexations`;
/*!40101 SET @saved_cs_client     = @@character_set_client */;
/*!40101 SET character_set_client = utf8 */;
CREATE TABLE `indexations` (
  `id` int(10) unsigned NOT NULL AUTO_INCREMENT,
  `code` varchar(191) COLLATE utf8mb4_unicode_ci DEFAULT NULL,
  `the_date` datetime DEFAULT NULL,
  `customer_approval` varchar(191) COLLATE utf8mb4_unicode_ci DEFAULT NULL,
  `technical_manager_approval` varchar(191) COLLATE utf8mb4_unicode_ci DEFAULT NULL,
  `warehouse_approval` varchar(191) COLLATE utf8mb4_unicode_ci DEFAULT NULL,
  `comments` text COLLATE utf8mb4_unicode_ci,
  `created_at` timestamp NULL DEFAULT NULL,
  `updated_at` timestamp NULL DEFAULT NULL,
  `visit_id` int(10) unsigned DEFAULT NULL,
  PRIMARY KEY (`id`),
  KEY `indexations_visit_id_foreign` (`visit_id`),
  CONSTRAINT `indexations_visit_id_foreign` FOREIGN KEY (`visit_id`) REFERENCES `visits` (`id`) ON DELETE SET NULL
) ENGINE=InnoDB DEFAULT CHARSET=utf8mb4 COLLATE=utf8mb4_unicode_ci;
/*!40101 SET character_set_client = @saved_cs_client */;

--
-- Dumping data for table `indexations`
--

LOCK TABLES `indexations` WRITE;
/*!40000 ALTER TABLE `indexations` DISABLE KEYS */;
/*!40000 ALTER TABLE `indexations` ENABLE KEYS */;
UNLOCK TABLES;

--
-- Table structure for table `installation_records`
--

DROP TABLE IF EXISTS `installation_records`;
/*!40101 SET @saved_cs_client     = @@character_set_client */;
/*!40101 SET character_set_client = utf8 */;
CREATE TABLE `installation_records` (
  `id` int(10) unsigned NOT NULL AUTO_INCREMENT,
  `trainee_name` varchar(191) COLLATE utf8mb4_unicode_ci DEFAULT NULL,
  `recipient_of_the_printing_machine` varchar(191) COLLATE utf8mb4_unicode_ci DEFAULT NULL,
  `installation_date` datetime DEFAULT NULL,
  `feeder_model` varchar(191) COLLATE utf8mb4_unicode_ci DEFAULT NULL,
  `feeder_serial_number` varchar(191) COLLATE utf8mb4_unicode_ci DEFAULT NULL,
  `feeder_product_key` varchar(191) COLLATE utf8mb4_unicode_ci DEFAULT NULL,
  `finisher_model` varchar(191) COLLATE utf8mb4_unicode_ci DEFAULT NULL,
  `finisher_serial_number` varchar(191) COLLATE utf8mb4_unicode_ci DEFAULT NULL,
  `finisher_product_key` varchar(191) COLLATE utf8mb4_unicode_ci DEFAULT NULL,
  `hard_disk_model` varchar(191) COLLATE utf8mb4_unicode_ci DEFAULT NULL,
  `hard_disk_serial_number` varchar(191) COLLATE utf8mb4_unicode_ci DEFAULT NULL,
  `hard_disk_product_key` varchar(191) COLLATE utf8mb4_unicode_ci DEFAULT NULL,
  `paper_drawer_model` varchar(191) COLLATE utf8mb4_unicode_ci DEFAULT NULL,
  `paper_drawer_serial_number` varchar(191) COLLATE utf8mb4_unicode_ci DEFAULT NULL,
  `paper_drawer_product_key` varchar(191) COLLATE utf8mb4_unicode_ci DEFAULT NULL,
  `network_scanner_model` varchar(191) COLLATE utf8mb4_unicode_ci DEFAULT NULL,
  `network_scanner_serial_number` varchar(191) COLLATE utf8mb4_unicode_ci DEFAULT NULL,
  `network_scanner_product_key` varchar(191) COLLATE utf8mb4_unicode_ci DEFAULT NULL,
  `comments` text COLLATE utf8mb4_unicode_ci,
  `created_at` timestamp NULL DEFAULT NULL,
  `updated_at` timestamp NULL DEFAULT NULL,
  `printing_machine_id` int(10) unsigned DEFAULT NULL,
  `employee_id` int(10) unsigned DEFAULT NULL,
  PRIMARY KEY (`id`),
  KEY `installation_records_printing_machine_id_foreign` (`printing_machine_id`),
  KEY `installation_records_employee_id_foreign` (`employee_id`),
  CONSTRAINT `installation_records_employee_id_foreign` FOREIGN KEY (`employee_id`) REFERENCES `employees` (`id`) ON DELETE SET NULL,
  CONSTRAINT `installation_records_printing_machine_id_foreign` FOREIGN KEY (`printing_machine_id`) REFERENCES `printing_machines` (`id`) ON DELETE CASCADE
) ENGINE=InnoDB DEFAULT CHARSET=utf8mb4 COLLATE=utf8mb4_unicode_ci;
/*!40101 SET character_set_client = @saved_cs_client */;

--
-- Dumping data for table `installation_records`
--

LOCK TABLES `installation_records` WRITE;
/*!40000 ALTER TABLE `installation_records` DISABLE KEYS */;
/*!40000 ALTER TABLE `installation_records` ENABLE KEYS */;
UNLOCK TABLES;

--
-- Table structure for table `invoices`
--

DROP TABLE IF EXISTS `invoices`;
/*!40101 SET @saved_cs_client     = @@character_set_client */;
/*!40101 SET character_set_client = utf8 */;
CREATE TABLE `invoices` (
  `id` int(10) unsigned NOT NULL AUTO_INCREMENT,
  `number` int(11) DEFAULT NULL,
  `type` varchar(191) COLLATE utf8mb4_unicode_ci DEFAULT NULL,
  `issuer` varchar(191) COLLATE utf8mb4_unicode_ci DEFAULT NULL,
  `order_number` int(11) DEFAULT NULL,
  `delivery_permission_number` int(11) DEFAULT NULL,
  `finance_check_out` varchar(191) COLLATE utf8mb4_unicode_ci DEFAULT 'لم يتم الاطلاع',
  `release_date` datetime DEFAULT NULL,
  `descriptions` text COLLATE utf8mb4_unicode_ci,
  `total` double(10,2) DEFAULT '0.00',
  `comments` text COLLATE utf8mb4_unicode_ci,
  `collect_date` varchar(191) COLLATE utf8mb4_unicode_ci DEFAULT NULL,
  `collector_employee_name` varchar(191) COLLATE utf8mb4_unicode_ci DEFAULT NULL,
  `created_at` timestamp NULL DEFAULT NULL,
  `updated_at` timestamp NULL DEFAULT NULL,
  `indexation_id` int(10) unsigned DEFAULT NULL,
  `contract_id` int(10) unsigned DEFAULT NULL,
  `customer_id` int(10) unsigned DEFAULT NULL,
  PRIMARY KEY (`id`),
  KEY `invoices_indexation_id_foreign` (`indexation_id`),
  KEY `invoices_contract_id_foreign` (`contract_id`),
  KEY `invoices_customer_id_foreign` (`customer_id`),
  CONSTRAINT `invoices_contract_id_foreign` FOREIGN KEY (`contract_id`) REFERENCES `contracts` (`id`) ON DELETE CASCADE,
  CONSTRAINT `invoices_customer_id_foreign` FOREIGN KEY (`customer_id`) REFERENCES `customers` (`id`) ON DELETE SET NULL,
  CONSTRAINT `invoices_indexation_id_foreign` FOREIGN KEY (`indexation_id`) REFERENCES `indexations` (`id`) ON DELETE SET NULL
) ENGINE=InnoDB DEFAULT CHARSET=utf8mb4 COLLATE=utf8mb4_unicode_ci;
/*!40101 SET character_set_client = @saved_cs_client */;

--
-- Dumping data for table `invoices`
--

LOCK TABLES `invoices` WRITE;
/*!40000 ALTER TABLE `invoices` DISABLE KEYS */;
/*!40000 ALTER TABLE `invoices` ENABLE KEYS */;
UNLOCK TABLES;

--
-- Table structure for table `migrations`
--

DROP TABLE IF EXISTS `migrations`;
/*!40101 SET @saved_cs_client     = @@character_set_client */;
/*!40101 SET character_set_client = utf8 */;
CREATE TABLE `migrations` (
  `id` int(10) unsigned NOT NULL AUTO_INCREMENT,
  `migration` varchar(191) COLLATE utf8mb4_unicode_ci NOT NULL,
  `batch` int(11) NOT NULL,
  PRIMARY KEY (`id`)
) ENGINE=InnoDB AUTO_INCREMENT=30 DEFAULT CHARSET=utf8mb4 COLLATE=utf8mb4_unicode_ci;
/*!40101 SET character_set_client = @saved_cs_client */;

--
-- Dumping data for table `migrations`
--

LOCK TABLES `migrations` WRITE;
/*!40000 ALTER TABLE `migrations` DISABLE KEYS */;
INSERT INTO `migrations` VALUES (1,'2014_10_12_000000_create_users_table',1),(2,'2014_10_12_100000_create_password_resets_table',1),(3,'2016_02_21_101702_roles_table',1),(4,'2016_02_21_101909_permissions_table',1),(5,'2016_02_21_101955_permission_role_table',1),(6,'2016_03_14_180854_create_role_user_table',1),(7,'2017_11_21_165804_create_project_images_table',1),(8,'2018_01_01_050000_create_customers_table',1),(9,'2018_01_01_050231_create_printing_machines_table',1),(10,'2018_01_06_070132_create_telecoms_table',1),(11,'2018_01_07_070529_create_departments_table',1),(12,'2018_01_07_071048_create_employees_table',1),(13,'2018_01_10_160655_create_parts_table',1),(14,'2018_01_12_092814_create_part_serial_numbers_table',1),(15,'2018_01_12_141244_create_contracts_table',1),(16,'2018_01_13_153802_create_installation_records_table',1),(17,'2018_01_18_171121_create_follow_up_cards_table',1),(18,'2018_01_18_171122_create_follow_up_card_special_reports_table',1),(19,'2018_01_18_185553_create_references_table',1),(20,'2018_01_18_185559_create_visits_table',1),(21,'2018_01_19_174146_create_reading_of_printing_machines_table',1),(22,'2018_01_21_074737_create_indexations_table',1),(23,'2018_01_22_112918_create_invoices_table',1),(24,'2018_02_13_093253_create_employee_printing_machine_pivot_table',1),(25,'2018_02_15_054057_create_indexation_part_pivot_table',1),(26,'2018_02_27_062633_create_contracts_printing_machines_pivot_table',1),(27,'2018_03_01_131331_creat_notes_on_contracting_table',1),(28,'2018_03_07_102910_create_installation_record_other_items_table',1),(29,'2018_03_10_061751_create_reference_malfunctions_table',1);
/*!40000 ALTER TABLE `migrations` ENABLE KEYS */;
UNLOCK TABLES;

--
-- Table structure for table `notes_on_contracting`
--

DROP TABLE IF EXISTS `notes_on_contracting`;
/*!40101 SET @saved_cs_client     = @@character_set_client */;
/*!40101 SET character_set_client = utf8 */;
CREATE TABLE `notes_on_contracting` (
  `id` int(10) unsigned NOT NULL AUTO_INCREMENT,
  `contract_id` int(10) unsigned NOT NULL,
  `item_name` varchar(191) COLLATE utf8mb4_unicode_ci DEFAULT NULL,
  `item_description` text COLLATE utf8mb4_unicode_ci,
  `created_at` timestamp NULL DEFAULT NULL,
  `updated_at` timestamp NULL DEFAULT NULL,
  PRIMARY KEY (`id`),
  KEY `notes_on_contracting_contract_id_foreign` (`contract_id`),
  CONSTRAINT `notes_on_contracting_contract_id_foreign` FOREIGN KEY (`contract_id`) REFERENCES `contracts` (`id`) ON DELETE CASCADE
) ENGINE=InnoDB DEFAULT CHARSET=utf8mb4 COLLATE=utf8mb4_unicode_ci;
/*!40101 SET character_set_client = @saved_cs_client */;

--
-- Dumping data for table `notes_on_contracting`
--

LOCK TABLES `notes_on_contracting` WRITE;
/*!40000 ALTER TABLE `notes_on_contracting` DISABLE KEYS */;
/*!40000 ALTER TABLE `notes_on_contracting` ENABLE KEYS */;
UNLOCK TABLES;

--
-- Table structure for table `part_serial_numbers`
--

DROP TABLE IF EXISTS `part_serial_numbers`;
/*!40101 SET @saved_cs_client     = @@character_set_client */;
/*!40101 SET character_set_client = utf8 */;
CREATE TABLE `part_serial_numbers` (
  `id` int(10) unsigned NOT NULL AUTO_INCREMENT,
  `part_id` int(10) unsigned NOT NULL,
  `serial_number` varchar(191) COLLATE utf8mb4_unicode_ci NOT NULL,
  `code` varchar(191) COLLATE utf8mb4_unicode_ci DEFAULT NULL,
  `availability` varchar(191) COLLATE utf8mb4_unicode_ci DEFAULT 'متوفرة',
  `status` varchar(191) COLLATE utf8mb4_unicode_ci DEFAULT 'جديدة',
  `date_of_entry` datetime DEFAULT NULL,
  `date_of_departure` datetime DEFAULT NULL,
  `comments` text COLLATE utf8mb4_unicode_ci,
  `created_at` timestamp NULL DEFAULT NULL,
  `updated_at` timestamp NULL DEFAULT NULL,
  PRIMARY KEY (`id`),
  KEY `part_serial_numbers_part_id_foreign` (`part_id`),
  CONSTRAINT `part_serial_numbers_part_id_foreign` FOREIGN KEY (`part_id`) REFERENCES `parts` (`id`) ON DELETE CASCADE
) ENGINE=InnoDB DEFAULT CHARSET=utf8mb4 COLLATE=utf8mb4_unicode_ci;
/*!40101 SET character_set_client = @saved_cs_client */;

--
-- Dumping data for table `part_serial_numbers`
--

LOCK TABLES `part_serial_numbers` WRITE;
/*!40000 ALTER TABLE `part_serial_numbers` DISABLE KEYS */;
/*!40000 ALTER TABLE `part_serial_numbers` ENABLE KEYS */;
UNLOCK TABLES;

--
-- Table structure for table `parts`
--

DROP TABLE IF EXISTS `parts`;
/*!40101 SET @saved_cs_client     = @@character_set_client */;
/*!40101 SET character_set_client = utf8 */;
CREATE TABLE `parts` (
  `id` int(10) unsigned NOT NULL AUTO_INCREMENT,
  `code` varchar(191) COLLATE utf8mb4_unicode_ci DEFAULT NULL,
  `name` varchar(191) COLLATE utf8mb4_unicode_ci DEFAULT NULL,
  `type` varchar(191) COLLATE utf8mb4_unicode_ci DEFAULT NULL,
  `is_serialized` tinyint(1) NOT NULL DEFAULT '1',
  `compatible_printing_machines` text COLLATE utf8mb4_unicode_ci,
  `location_in_warehouse` text COLLATE utf8mb4_unicode_ci,
  `part_number` varchar(191) COLLATE utf8mb4_unicode_ci DEFAULT NULL,
  `production_date` datetime DEFAULT NULL,
  `expiry_date` datetime DEFAULT NULL,
  `product_number` varchar(191) COLLATE utf8mb4_unicode_ci DEFAULT NULL,
  `price_without_tax` double(8,2) DEFAULT '0.00',
  `price_with_tax` double(8,2) DEFAULT '0.00',
  `life` int(11) DEFAULT '0',
  `qty` int(11) DEFAULT '0',
  `no_serial_qty` int(11) DEFAULT '0',
  `comments` text COLLATE utf8mb4_unicode_ci,
  `created_at` timestamp NULL DEFAULT NULL,
  `updated_at` timestamp NULL DEFAULT NULL,
  PRIMARY KEY (`id`)
) ENGINE=InnoDB DEFAULT CHARSET=utf8mb4 COLLATE=utf8mb4_unicode_ci;
/*!40101 SET character_set_client = @saved_cs_client */;

--
-- Dumping data for table `parts`
--

LOCK TABLES `parts` WRITE;
/*!40000 ALTER TABLE `parts` DISABLE KEYS */;
/*!40000 ALTER TABLE `parts` ENABLE KEYS */;
UNLOCK TABLES;

--
-- Table structure for table `password_resets`
--

DROP TABLE IF EXISTS `password_resets`;
/*!40101 SET @saved_cs_client     = @@character_set_client */;
/*!40101 SET character_set_client = utf8 */;
CREATE TABLE `password_resets` (
  `email` varchar(191) COLLATE utf8mb4_unicode_ci NOT NULL,
  `token` varchar(191) COLLATE utf8mb4_unicode_ci NOT NULL,
  `created_at` timestamp NULL DEFAULT NULL,
  KEY `password_resets_email_index` (`email`)
) ENGINE=InnoDB DEFAULT CHARSET=utf8mb4 COLLATE=utf8mb4_unicode_ci;
/*!40101 SET character_set_client = @saved_cs_client */;

--
-- Dumping data for table `password_resets`
--

LOCK TABLES `password_resets` WRITE;
/*!40000 ALTER TABLE `password_resets` DISABLE KEYS */;
/*!40000 ALTER TABLE `password_resets` ENABLE KEYS */;
UNLOCK TABLES;

--
-- Table structure for table `permission_role`
--

DROP TABLE IF EXISTS `permission_role`;
/*!40101 SET @saved_cs_client     = @@character_set_client */;
/*!40101 SET character_set_client = utf8 */;
CREATE TABLE `permission_role` (
  `permission_id` int(10) unsigned NOT NULL,
  `role_id` int(10) unsigned NOT NULL,
  `created_at` timestamp NULL DEFAULT NULL,
  `updated_at` timestamp NULL DEFAULT NULL,
  KEY `permission_role_permission_id_foreign` (`permission_id`),
  KEY `permission_role_role_id_foreign` (`role_id`),
  CONSTRAINT `permission_role_permission_id_foreign` FOREIGN KEY (`permission_id`) REFERENCES `permissions` (`id`) ON DELETE CASCADE,
  CONSTRAINT `permission_role_role_id_foreign` FOREIGN KEY (`role_id`) REFERENCES `roles` (`id`) ON DELETE CASCADE
) ENGINE=InnoDB DEFAULT CHARSET=utf8mb4 COLLATE=utf8mb4_unicode_ci;
/*!40101 SET character_set_client = @saved_cs_client */;

--
-- Dumping data for table `permission_role`
--

LOCK TABLES `permission_role` WRITE;
/*!40000 ALTER TABLE `permission_role` DISABLE KEYS */;
INSERT INTO `permission_role` VALUES (1,1,'2018-04-17 06:36:03','2018-04-17 06:36:03'),(2,1,'2018-04-17 06:36:03','2018-04-17 06:36:03'),(3,1,'2018-04-17 06:36:03','2018-04-17 06:36:03'),(4,1,'2018-04-17 06:36:03','2018-04-17 06:36:03'),(5,1,'2018-04-17 06:36:03','2018-04-17 06:36:03'),(6,1,'2018-04-17 06:36:03','2018-04-17 06:36:03'),(7,1,'2018-04-17 06:36:03','2018-04-17 06:36:03'),(8,1,'2018-04-17 06:36:03','2018-04-17 06:36:03'),(9,1,'2018-04-17 06:36:03','2018-04-17 06:36:03'),(10,1,'2018-04-17 06:36:03','2018-04-17 06:36:03'),(11,1,'2018-04-17 06:36:03','2018-04-17 06:36:03'),(12,1,'2018-04-17 06:36:03','2018-04-17 06:36:03'),(13,1,'2018-04-17 06:36:03','2018-04-17 06:36:03'),(14,1,'2018-04-17 06:36:03','2018-04-17 06:36:03'),(15,1,'2018-04-17 06:36:03','2018-04-17 06:36:03'),(16,1,'2018-04-17 06:36:03','2018-04-17 06:36:03'),(17,1,'2018-04-17 06:36:03','2018-04-17 06:36:03'),(18,1,'2018-04-17 06:36:03','2018-04-17 06:36:03'),(19,1,'2018-04-17 06:36:03','2018-04-17 06:36:03'),(20,1,'2018-04-17 06:36:03','2018-04-17 06:36:03'),(21,1,'2018-04-17 06:36:04','2018-04-17 06:36:04'),(22,1,'2018-04-17 06:36:04','2018-04-17 06:36:04'),(23,1,'2018-04-17 06:36:04','2018-04-17 06:36:04'),(24,1,'2018-04-17 06:36:04','2018-04-17 06:36:04'),(25,1,'2018-04-17 06:36:04','2018-04-17 06:36:04'),(26,1,'2018-04-17 06:36:04','2018-04-17 06:36:04'),(27,1,'2018-04-17 06:36:04','2018-04-17 06:36:04'),(28,1,'2018-04-17 06:36:04','2018-04-17 06:36:04'),(29,1,'2018-04-17 06:36:04','2018-04-17 06:36:04'),(30,1,'2018-04-17 06:36:04','2018-04-17 06:36:04'),(31,1,'2018-04-17 06:36:04','2018-04-17 06:36:04'),(32,1,'2018-04-17 06:36:04','2018-04-17 06:36:04'),(33,1,'2018-04-17 06:36:04','2018-04-17 06:36:04'),(34,1,'2018-04-17 06:36:04','2018-04-17 06:36:04'),(35,1,'2018-04-17 06:36:04','2018-04-17 06:36:04'),(36,1,'2018-04-17 06:36:04','2018-04-17 06:36:04'),(37,1,'2018-04-17 06:36:04','2018-04-17 06:36:04'),(38,1,'2018-04-17 06:36:04','2018-04-17 06:36:04'),(39,1,'2018-04-17 06:36:05','2018-04-17 06:36:05'),(40,1,'2018-04-17 06:36:05','2018-04-17 06:36:05'),(41,1,'2018-04-17 06:36:05','2018-04-17 06:36:05'),(42,1,'2018-04-17 06:36:05','2018-04-17 06:36:05'),(43,1,'2018-04-17 06:36:05','2018-04-17 06:36:05'),(44,1,'2018-04-17 06:36:05','2018-04-17 06:36:05'),(45,1,'2018-04-17 06:36:05','2018-04-17 06:36:05'),(46,1,'2018-04-17 06:36:05','2018-04-17 06:36:05'),(47,1,'2018-04-17 06:36:05','2018-04-17 06:36:05'),(48,1,'2018-04-17 06:36:05','2018-04-17 06:36:05'),(49,1,'2018-04-17 06:36:05','2018-04-17 06:36:05'),(50,1,'2018-04-17 06:36:05','2018-04-17 06:36:05'),(51,1,'2018-04-17 06:36:05','2018-04-17 06:36:05'),(52,1,'2018-04-17 06:36:05','2018-04-17 06:36:05'),(53,1,'2018-04-17 06:36:05','2018-04-17 06:36:05'),(54,1,'2018-04-17 06:36:05','2018-04-17 06:36:05'),(55,1,'2018-04-17 06:36:05','2018-04-17 06:36:05'),(56,1,'2018-04-17 06:36:05','2018-04-17 06:36:05'),(57,1,'2018-04-17 06:36:05','2018-04-17 06:36:05'),(58,1,'2018-04-17 06:36:05','2018-04-17 06:36:05'),(59,1,'2018-04-17 06:36:05','2018-04-17 06:36:05'),(60,1,'2018-04-17 06:36:05','2018-04-17 06:36:05'),(61,1,'2018-04-17 06:36:05','2018-04-17 06:36:05'),(62,1,'2018-04-17 06:36:05','2018-04-17 06:36:05'),(63,1,'2018-04-17 06:36:05','2018-04-17 06:36:05'),(64,1,'2018-04-17 06:36:05','2018-04-17 06:36:05'),(65,1,'2018-04-17 06:36:05','2018-04-17 06:36:05'),(66,1,'2018-04-17 06:36:05','2018-04-17 06:36:05'),(67,1,'2018-04-17 06:36:06','2018-04-17 06:36:06'),(68,1,'2018-04-17 06:36:06','2018-04-17 06:36:06'),(69,1,'2018-04-17 06:36:06','2018-04-17 06:36:06');
/*!40000 ALTER TABLE `permission_role` ENABLE KEYS */;
UNLOCK TABLES;

--
-- Table structure for table `permissions`
--

DROP TABLE IF EXISTS `permissions`;
/*!40101 SET @saved_cs_client     = @@character_set_client */;
/*!40101 SET character_set_client = utf8 */;
CREATE TABLE `permissions` (
  `id` int(10) unsigned NOT NULL AUTO_INCREMENT,
  `name` varchar(191) COLLATE utf8mb4_unicode_ci NOT NULL,
  `title` varchar(191) COLLATE utf8mb4_unicode_ci NOT NULL,
  `created_at` timestamp NULL DEFAULT NULL,
  `updated_at` timestamp NULL DEFAULT NULL,
  PRIMARY KEY (`id`)
) ENGINE=InnoDB AUTO_INCREMENT=70 DEFAULT CHARSET=utf8mb4 COLLATE=utf8mb4_unicode_ci;
/*!40101 SET character_set_client = @saved_cs_client */;

--
-- Dumping data for table `permissions`
--

LOCK TABLES `permissions` WRITE;
/*!40000 ALTER TABLE `permissions` DISABLE KEYS */;
INSERT INTO `permissions` VALUES (1,'view_permissions','permissions','2018-04-17 06:35:55',NULL),(2,'create_permissions','permissions','2018-04-17 06:35:55',NULL),(3,'update_permissions','permissions','2018-04-17 06:35:55',NULL),(4,'delete_permissions','permissions','2018-04-17 06:35:55',NULL),(5,'view_users','users','2018-04-17 06:35:55',NULL),(6,'create_users','users','2018-04-17 06:35:55',NULL),(7,'update_users','users','2018-04-17 06:35:55',NULL),(8,'delete_users','users','2018-04-17 06:35:55',NULL),(9,'view_roles','roles','2018-04-17 06:35:55',NULL),(10,'create_roles','roles','2018-04-17 06:35:55',NULL),(11,'update_roles','roles','2018-04-17 06:35:55',NULL),(12,'delete_roles','roles','2018-04-17 06:35:55',NULL),(13,'view_printing_machines','printing_machines','2018-04-17 06:35:55',NULL),(14,'create_printing_machines','printing_machines','2018-04-17 06:35:55',NULL),(15,'update_printing_machines','printing_machines','2018-04-17 06:35:55',NULL),(16,'delete_printing_machines','printing_machines','2018-04-17 06:35:55',NULL),(17,'view_customers','customers','2018-04-17 06:35:55',NULL),(18,'create_customers','customers','2018-04-17 06:35:56',NULL),(19,'update_customers','customers','2018-04-17 06:35:56',NULL),(20,'delete_customers','customers','2018-04-17 06:35:56',NULL),(21,'view_departments','departments','2018-04-17 06:35:56',NULL),(22,'create_departments','departments','2018-04-17 06:35:56',NULL),(23,'update_departments','departments','2018-04-17 06:35:56',NULL),(24,'delete_departments','departments','2018-04-17 06:35:56',NULL),(25,'view_parts','parts','2018-04-17 06:35:56',NULL),(26,'create_parts','parts','2018-04-17 06:35:56',NULL),(27,'update_parts','parts','2018-04-17 06:35:56',NULL),(28,'delete_parts','parts','2018-04-17 06:35:56',NULL),(29,'view_part_serial_numbers','part_serial_numbers','2018-04-17 06:35:56',NULL),(30,'create_part_serial_numbers','part_serial_numbers','2018-04-17 06:35:56',NULL),(31,'update_part_serial_numbers','part_serial_numbers','2018-04-17 06:35:56',NULL),(32,'delete_part_serial_numbers','part_serial_numbers','2018-04-17 06:35:56',NULL),(33,'view_installation_records','installation_records','2018-04-17 06:35:56',NULL),(34,'create_installation_records','installation_records','2018-04-17 06:35:56',NULL),(35,'update_installation_records','installation_records','2018-04-17 06:35:56',NULL),(36,'delete_installation_records','installation_records','2018-04-17 06:35:56',NULL),(37,'view_contracts','contracts','2018-04-17 06:35:56',NULL),(38,'create_contracts','contracts','2018-04-17 06:35:56',NULL),(39,'update_contracts','contracts','2018-04-17 06:35:56',NULL),(40,'delete_contracts','contracts','2018-04-17 06:35:56',NULL),(41,'view_invoices','invoices','2018-04-17 06:35:56',NULL),(42,'create_invoices','invoices','2018-04-17 06:35:56',NULL),(43,'update_invoices','invoices','2018-04-17 06:35:56',NULL),(44,'delete_invoices','invoices','2018-04-17 06:35:57',NULL),(45,'view_visits','visits','2018-04-17 06:35:57',NULL),(46,'create_visits','visits','2018-04-17 06:35:57',NULL),(47,'update_visits','visits','2018-04-17 06:35:57',NULL),(48,'delete_visits','visits','2018-04-17 06:35:57',NULL),(49,'view_follow_up_cards','follow_up_cards','2018-04-17 06:35:57',NULL),(50,'create_follow_up_cards','follow_up_cards','2018-04-17 06:35:57',NULL),(51,'update_follow_up_cards','follow_up_cards','2018-04-17 06:35:57',NULL),(52,'delete_follow_up_cards','follow_up_cards','2018-04-17 06:35:57',NULL),(53,'view_follow_up_card_special_reports','follow_up_card_special_reports','2018-04-17 06:35:57',NULL),(54,'create_follow_up_card_special_reports','follow_up_card_special_reports','2018-04-17 06:35:57',NULL),(55,'update_follow_up_card_special_reports','follow_up_card_special_reports','2018-04-17 06:35:57',NULL),(56,'delete_follow_up_card_special_reports','follow_up_card_special_reports','2018-04-17 06:35:57',NULL),(57,'view_references','references','2018-04-17 06:35:57',NULL),(58,'create_references','references','2018-04-17 06:35:57',NULL),(59,'update_references','references','2018-04-17 06:35:57',NULL),(60,'delete_references','references','2018-04-17 06:35:57',NULL),(61,'view_indexations','indexations','2018-04-17 06:35:57',NULL),(62,'create_indexations','indexations','2018-04-17 06:35:57',NULL),(63,'update_indexations','indexations','2018-04-17 06:35:57',NULL),(64,'delete_indexations','indexations','2018-04-17 06:35:57',NULL),(65,'view_employees','employees','2018-04-17 06:35:57',NULL),(66,'create_employees','employees','2018-04-17 06:35:57',NULL),(67,'update_employees','employees','2018-04-17 06:35:57',NULL),(68,'delete_employees','employees','2018-04-17 06:35:57',NULL),(69,'finance','finance','2018-04-17 06:35:57',NULL);
/*!40000 ALTER TABLE `permissions` ENABLE KEYS */;
UNLOCK TABLES;

--
-- Table structure for table `printing_machines`
--

DROP TABLE IF EXISTS `printing_machines`;
/*!40101 SET @saved_cs_client     = @@character_set_client */;
/*!40101 SET character_set_client = utf8 */;
CREATE TABLE `printing_machines` (
  `id` int(10) unsigned NOT NULL AUTO_INCREMENT,
  `code` varchar(191) COLLATE utf8mb4_unicode_ci DEFAULT NULL,
  `folder_number` varchar(191) COLLATE utf8mb4_unicode_ci DEFAULT NULL,
  `status` varchar(191) COLLATE utf8mb4_unicode_ci DEFAULT NULL,
  `the_manufacture_company` varchar(191) COLLATE utf8mb4_unicode_ci DEFAULT NULL,
  `model_prefix` varchar(191) COLLATE utf8mb4_unicode_ci DEFAULT NULL,
  `model_suffix` varchar(191) COLLATE utf8mb4_unicode_ci DEFAULT NULL,
  `serial_number` varchar(191) COLLATE utf8mb4_unicode_ci DEFAULT NULL,
  `product_key` varchar(191) COLLATE utf8mb4_unicode_ci DEFAULT NULL,
  `manufacturing_year` varchar(191) COLLATE utf8mb4_unicode_ci DEFAULT NULL,
  `description` text COLLATE utf8mb4_unicode_ci,
  `price_without_tax` double(10,2) DEFAULT '0.00',
  `price_with_tax` double(10,2) DEFAULT '0.00',
  `is_sold_by_aoe` tinyint(1) DEFAULT '0',
  `employee_delivered_the_machine` varchar(191) COLLATE utf8mb4_unicode_ci DEFAULT NULL,
  `feeder_model` varchar(191) COLLATE utf8mb4_unicode_ci DEFAULT NULL,
  `finisher_model` varchar(191) COLLATE utf8mb4_unicode_ci DEFAULT NULL,
  `hard_disk_model` varchar(191) COLLATE utf8mb4_unicode_ci DEFAULT NULL,
  `paper_drawer_model` varchar(191) COLLATE utf8mb4_unicode_ci DEFAULT NULL,
  `network_scanner_model` varchar(191) COLLATE utf8mb4_unicode_ci DEFAULT NULL,
  `comments` text COLLATE utf8mb4_unicode_ci,
  `created_at` timestamp NULL DEFAULT NULL,
  `updated_at` timestamp NULL DEFAULT NULL,
  `customer_id` int(10) unsigned DEFAULT NULL,
  PRIMARY KEY (`id`),
  KEY `printing_machines_customer_id_foreign` (`customer_id`),
  CONSTRAINT `printing_machines_customer_id_foreign` FOREIGN KEY (`customer_id`) REFERENCES `customers` (`id`) ON DELETE SET NULL
) ENGINE=InnoDB AUTO_INCREMENT=257 DEFAULT CHARSET=utf8mb4 COLLATE=utf8mb4_unicode_ci;
/*!40101 SET character_set_client = @saved_cs_client */;

--
-- Dumping data for table `printing_machines`
--

LOCK TABLES `printing_machines` WRITE;
/*!40000 ALTER TABLE `printing_machines` DISABLE KEYS */;
INSERT INTO `printing_machines` VALUES (1,'Gov-Cor-1-1','AB/0069','فعالة','Sharp','AR','6020','6300828Y',NULL,NULL,NULL,0.00,0.00,1,NULL,NULL,NULL,NULL,NULL,NULL,NULL,'2018-04-17 06:36:24','2018-04-17 06:36:24',1),(2,'Gov-Cor-2-2','X/182','فعالة','Sharp','AR','6020','53006156',NULL,NULL,NULL,0.00,0.00,1,NULL,NULL,NULL,NULL,NULL,NULL,NULL,'2018-04-17 06:36:25','2018-04-17 06:36:25',2),(3,'Gov-Minis-3-3','5/002','فعالة','Sharp','MX-M','356N','65019227',NULL,NULL,NULL,0.00,0.00,1,NULL,NULL,NULL,NULL,NULL,NULL,NULL,'2018-04-17 06:36:26','2018-04-17 06:36:26',3),(4,'Gov-Minis-4-4','5/003','فعالة','Sharp','MX-M','356N','65019257',NULL,NULL,NULL,0.00,0.00,1,NULL,NULL,NULL,NULL,NULL,NULL,NULL,'2018-04-17 06:36:26','2018-04-17 06:36:26',4),(5,'Gov-Minis-5-5','5/004','فعالة','Sharp','MX-M','356N','65019207',NULL,NULL,NULL,0.00,0.00,1,NULL,NULL,NULL,NULL,NULL,NULL,NULL,'2018-04-17 06:36:26','2018-04-17 06:36:26',5),(6,'Gov-Minis-6-6','5/005','فعالة','Sharp','MX-M','356N','65019327',NULL,NULL,NULL,0.00,0.00,1,NULL,NULL,NULL,NULL,NULL,NULL,NULL,'2018-04-17 06:36:27','2018-04-17 06:36:27',6),(7,'Gov-Minis-7-7','U/175','فعالة','Sharp','MX-M','354U','65015292',NULL,NULL,NULL,0.00,0.00,1,NULL,NULL,NULL,NULL,NULL,NULL,NULL,'2018-04-17 06:36:27','2018-04-17 06:36:27',7),(8,'Gov-Minis-8-8','U/176','فعالة','Sharp','MX-M','354U','65015222',NULL,NULL,NULL,0.00,0.00,1,NULL,NULL,NULL,NULL,NULL,NULL,NULL,'2018-04-17 06:36:27','2018-04-17 06:36:27',8),(9,'Gov-Minis-9-9','U/177','فعالة','Sharp','MX-M','354U','65015172',NULL,NULL,NULL,0.00,0.00,1,NULL,NULL,NULL,NULL,NULL,NULL,NULL,'2018-04-17 06:36:28','2018-04-17 06:36:28',9),(10,'Gov-Minis-10-10','AB/0006','فعالة','Sharp','AR','6020','6303328Y',NULL,NULL,NULL,0.00,0.00,1,NULL,NULL,NULL,NULL,NULL,NULL,NULL,'2018-04-17 06:36:28','2018-04-17 06:36:28',10),(11,'Gov-Minis-11-11','AB/0045','فعالة','Sharp','AR','6020','6303328Y',NULL,NULL,NULL,0.00,0.00,1,NULL,NULL,NULL,NULL,NULL,NULL,NULL,'2018-04-17 06:36:28','2018-04-17 06:36:28',11),(12,'Pri-Sc-12-12','6/325','فعالة','Sharp','MX-M','354U','65013161',NULL,NULL,NULL,0.00,0.00,1,NULL,NULL,NULL,NULL,NULL,NULL,NULL,'2018-04-17 06:36:29','2018-04-17 06:36:29',12),(13,'Pri-Sc-13-13','AB/0115','فعالة','Sharp','MX-M','354U','65073111',NULL,NULL,NULL,0.00,0.00,1,NULL,NULL,NULL,NULL,NULL,NULL,NULL,'2018-04-17 06:36:29','2018-04-17 06:36:29',13),(14,'Pri-Minis-14-14','AB/0022','فعالة','Sharp','MX','M315N','55026137',NULL,NULL,NULL,0.00,0.00,1,NULL,NULL,NULL,NULL,NULL,NULL,NULL,'2018-04-17 06:36:30','2018-04-17 06:36:30',14),(15,'Pri-Minis-15-15','AB/0023','فعالة','Sharp','MX','M315N','55029106',NULL,NULL,NULL,0.00,0.00,1,NULL,NULL,NULL,NULL,NULL,NULL,NULL,'2018-04-17 06:36:30','2018-04-17 06:36:31',15),(16,'Pri-Hl-16-16','AB/0109','فعالة','Sharp','MX-M','356N','65019187',NULL,NULL,NULL,0.00,0.00,1,NULL,NULL,NULL,NULL,NULL,NULL,NULL,'2018-04-17 06:36:32','2018-04-17 06:36:32',16),(17,'Gov-Minis-17-17','AB/0113','فعالة','Sharp','AR','6026N','63012296',NULL,NULL,NULL,0.00,0.00,1,NULL,NULL,NULL,NULL,NULL,NULL,NULL,'2018-04-17 06:36:33','2018-04-17 06:36:33',17),(18,'Gov-Cor-18-18','X/422','فعالة','Sharp','AR','6020','53007587',NULL,NULL,NULL,0.00,0.00,1,NULL,NULL,NULL,NULL,NULL,NULL,NULL,'2018-04-17 06:36:33','2018-04-17 06:36:33',18),(19,'Gov-Cor-19-19','6/302','فعالة','Sharp','AR','6020','53006216',NULL,NULL,NULL,0.00,0.00,1,NULL,NULL,NULL,NULL,NULL,NULL,NULL,'2018-04-17 06:36:33','2018-04-17 06:36:33',19),(20,'Gov-Cor-20-20','AB/0048','فعالة','Sharp','AR','6020','6303323Y',NULL,NULL,NULL,0.00,0.00,1,NULL,NULL,NULL,NULL,NULL,NULL,NULL,'2018-04-17 06:36:34','2018-04-17 06:36:34',20),(21,'Gov-Cor-21-21','AB/0074','فعالة','Sharp','AR','6020','6300872Y',NULL,NULL,NULL,0.00,0.00,1,NULL,NULL,NULL,NULL,NULL,NULL,NULL,'2018-04-17 06:36:34','2018-04-17 06:36:34',21),(22,'Gov-Cor-22-22','AB0054','فعالة','Sharp','AR','6020','6303322Y',NULL,NULL,NULL,0.00,0.00,1,NULL,NULL,NULL,NULL,NULL,NULL,NULL,'2018-04-17 06:36:34','2018-04-17 06:36:35',22),(23,'Gov-Cor-23-23','X/183','فعالة','Sharp','AR','6020','53002269',NULL,NULL,NULL,0.00,0.00,1,NULL,NULL,NULL,NULL,NULL,NULL,NULL,'2018-04-17 06:36:35','2018-04-17 06:36:35',23),(24,'Gov-Cor-24-24','X/190','فعالة','Sharp','AR','6020','53006116',NULL,NULL,NULL,0.00,0.00,1,NULL,NULL,NULL,NULL,NULL,NULL,NULL,'2018-04-17 06:36:35','2018-04-17 06:36:35',24),(25,'Gov-Cor-25-25','X/191','فعالة','Sharp','AR','6020','53002169',NULL,NULL,NULL,0.00,0.00,1,NULL,NULL,NULL,NULL,NULL,NULL,NULL,'2018-04-17 06:36:36','2018-04-17 06:36:36',25),(26,'Gov-Cor-26-26','X/195','فعالة','Sharp','AR','6020','63004232',NULL,NULL,NULL,0.00,0.00,1,NULL,NULL,NULL,NULL,NULL,NULL,NULL,'2018-04-17 06:36:36','2018-04-17 06:36:37',26),(27,'Gov-Cor-27-27','X/196','فعالة','Sharp','AR','6020','63004732',NULL,NULL,NULL,0.00,0.00,1,NULL,NULL,NULL,NULL,NULL,NULL,NULL,'2018-04-17 06:36:37','2018-04-17 06:36:37',27),(28,'Gov-Cor-28-28','X/202','فعالة','Sharp','AR','6020','53006346',NULL,NULL,NULL,0.00,0.00,1,NULL,NULL,NULL,NULL,NULL,NULL,NULL,'2018-04-17 06:36:38','2018-04-17 06:36:38',28),(29,'Gov-Cor-29-29','X/371','فعالة','Sharp','AR','6020','53006316',NULL,NULL,NULL,0.00,0.00,1,NULL,NULL,NULL,NULL,NULL,NULL,NULL,'2018-04-17 06:36:38','2018-04-17 06:36:39',29),(30,'Gov-Cor-30-30','X/426','فعالة','Sharp','AR','6020D','53002149',NULL,NULL,NULL,0.00,0.00,1,NULL,NULL,NULL,NULL,NULL,NULL,NULL,'2018-04-17 06:36:39','2018-04-17 06:36:39',30),(31,'Gov-Cor-31-31','X/446','فعالة','Sharp','AR','6020D','53007467',NULL,NULL,NULL,0.00,0.00,1,NULL,NULL,NULL,NULL,NULL,NULL,NULL,'2018-04-17 06:36:40','2018-04-17 06:36:40',31),(32,'Gov-Minis-32-32','X/423','فعالة','Sharp','AR','6020','63005151',NULL,NULL,NULL,0.00,0.00,1,NULL,NULL,NULL,NULL,NULL,NULL,NULL,'2018-04-17 06:36:40','2018-04-17 06:36:40',32),(33,'Pri-Minis-33-33','AB/0059','فعالة','Sharp','AR','6031N','53064886',NULL,NULL,NULL,0.00,0.00,1,NULL,NULL,NULL,NULL,NULL,NULL,NULL,'2018-04-17 06:36:41','2018-04-17 06:36:41',33),(34,'Pri-Minis-34-34','AB/0117','فعالة','Sharp','AR','6020','53006146',NULL,NULL,NULL,0.00,0.00,1,NULL,NULL,NULL,NULL,NULL,NULL,NULL,'2018-04-17 06:36:42','2018-04-17 06:36:42',34),(35,'Gov-Minis-35-35','الوان /15','فعالة','Sharp','MX','5140','45116455',NULL,NULL,NULL,0.00,0.00,1,NULL,NULL,NULL,NULL,NULL,NULL,NULL,'2018-04-17 06:36:42','2018-04-17 06:36:42',35),(36,'Gov-Minis-36-36','5/001','فعالة','Sharp','MX-M','356N','65040575',NULL,NULL,NULL,0.00,0.00,1,NULL,NULL,NULL,NULL,NULL,NULL,NULL,'2018-04-17 06:36:43','2018-04-17 06:36:43',36),(37,'Gov-Minis-37-37','AB/0132','فعالة','Sharp','AR','6031N','53024398',NULL,NULL,NULL,0.00,0.00,1,NULL,NULL,NULL,NULL,NULL,NULL,NULL,'2018-04-17 06:36:43','2018-04-17 06:36:43',37),(38,'Gov-Minis-38-38','E/194','فعالة','Sharp','AR','6031N','53032855',NULL,NULL,NULL,0.00,0.00,1,NULL,NULL,NULL,NULL,NULL,NULL,NULL,'2018-04-17 06:36:44','2018-04-17 06:36:44',38),(39,'Gov-Minis-39-39','E/196','فعالة','Sharp','AR','6031N','53064936',NULL,NULL,NULL,0.00,0.00,1,NULL,NULL,NULL,NULL,NULL,NULL,NULL,'2018-04-17 06:36:45','2018-04-17 06:36:45',39),(40,'Gov-Hl-40-40','AB/0072','فعالة','Sharp','AR','6020','73023500',NULL,NULL,NULL,0.00,0.00,1,NULL,NULL,NULL,NULL,NULL,NULL,NULL,'2018-04-17 06:36:45','2018-04-17 06:36:45',40),(41,'Gov-Hl-41-41','AB/0073','فعالة','Sharp','AR','6020','73023480',NULL,NULL,NULL,0.00,0.00,1,NULL,NULL,NULL,NULL,NULL,NULL,NULL,'2018-04-17 06:36:46','2018-04-17 06:36:46',41),(42,'Gov-Minis-42-42','7102','فعالة','Sharp','MX-M','564N','65013653',NULL,NULL,NULL,0.00,0.00,1,NULL,NULL,NULL,NULL,NULL,NULL,NULL,'2018-04-17 06:36:46','2018-04-17 06:36:46',42),(43,'Gov-Minis-43-43','7103','فعالة','Sharp','MX-M','564N','65002563',NULL,NULL,NULL,0.00,0.00,1,NULL,NULL,NULL,NULL,NULL,NULL,NULL,'2018-04-17 06:36:46','2018-04-17 06:36:46',43),(44,'Pri-Minis-44-44','AB/0089','فعالة','Sharp','MX','B200','65000253',NULL,NULL,NULL,0.00,0.00,1,NULL,NULL,NULL,NULL,NULL,NULL,NULL,'2018-04-17 06:36:47','2018-04-17 06:36:47',44),(45,'Pri-Minis-45-45','AB/0090','فعالة','Sharp','MX','B200','65000213',NULL,NULL,NULL,0.00,0.00,1,NULL,NULL,NULL,NULL,NULL,NULL,NULL,'2018-04-17 06:36:47','2018-04-17 06:36:47',45),(46,'Pri-Minis-46-46','AB/0108','فعالة','Sharp','MX-M','354U','65015232',NULL,NULL,NULL,0.00,0.00,1,NULL,NULL,NULL,NULL,NULL,NULL,NULL,'2018-04-17 06:36:48','2018-04-17 06:36:48',46),(47,'Pri-Cor-47-47','AB/0133','فعالة','Sharp','AR','6020','6303383Y',NULL,NULL,NULL,0.00,0.00,1,NULL,NULL,NULL,NULL,NULL,NULL,NULL,'2018-04-17 06:36:48','2018-04-17 06:36:48',47),(48,'Pri-Cor-48-48','الوان /27','فعالة','Sharp','MX','2010','25100702',NULL,NULL,NULL,0.00,0.00,1,NULL,NULL,NULL,NULL,NULL,NULL,NULL,'2018-04-17 06:36:49','2018-04-17 06:36:49',48),(49,'Pri-Inst-49-49','AB/0041','فعالة','Sharp','MX','B200','65040265',NULL,NULL,NULL,0.00,0.00,1,NULL,NULL,NULL,NULL,NULL,NULL,NULL,'2018-04-17 06:36:49','2018-04-17 06:36:49',49),(50,'Gov-Minis-50-50','AB/0020','فعالة','Sharp','MX','M356N','65019247',NULL,NULL,NULL,0.00,0.00,1,NULL,NULL,NULL,NULL,NULL,NULL,NULL,'2018-04-17 06:36:49','2018-04-17 06:36:49',50),(51,'Gov-Minis-51-51','AB/0021','فعالة','Sharp','MX','M356N','65019317',NULL,NULL,NULL,0.00,0.00,1,NULL,NULL,NULL,NULL,NULL,NULL,NULL,'2018-04-17 06:36:50','2018-04-17 06:36:50',51),(52,'Gov-Minis-52-52','X/458','فعالة','Sharp','AR','6020D','63005231',NULL,NULL,NULL,0.00,0.00,1,NULL,NULL,NULL,NULL,NULL,NULL,NULL,'2018-04-17 06:36:51','2018-04-17 06:36:51',52),(53,'Gov-Minis-53-53','AB/0042','فعالة','Sharp','AR','6031N','53032836',NULL,NULL,NULL,0.00,0.00,1,NULL,NULL,NULL,NULL,NULL,NULL,NULL,'2018-04-17 06:36:51','2018-04-17 06:36:51',53),(54,'Gov-Minis-54-54','AB/0043','فعالة','Sharp','AR','6031N','53032345',NULL,NULL,NULL,0.00,0.00,1,NULL,NULL,NULL,NULL,NULL,NULL,NULL,'2018-04-17 06:36:52','2018-04-17 06:36:52',54),(55,'Gov-Minis-55-55','AB/0044','فعالة','Sharp','AR','6031N','4507889Y',NULL,NULL,NULL,0.00,0.00,1,NULL,NULL,NULL,NULL,NULL,NULL,NULL,'2018-04-17 06:36:52','2018-04-17 06:36:52',55),(56,'Gov-Minis-56-56','AB/0057','فعالة','Sharp','AR','6031N','53032145',NULL,NULL,NULL,0.00,0.00,1,NULL,NULL,NULL,NULL,NULL,NULL,NULL,'2018-04-17 06:36:53','2018-04-17 06:36:53',56),(57,'Gov-Minis-57-57','AB/0068','فعالة','Sharp','AR','6031N','4507888Y',NULL,NULL,NULL,0.00,0.00,1,NULL,NULL,NULL,NULL,NULL,NULL,NULL,'2018-04-17 06:36:53','2018-04-17 06:36:53',57),(58,'Gov-Minis-58-58','AB/0070','فعالة','Sharp','AR','6031N','53035357',NULL,NULL,NULL,0.00,0.00,1,NULL,NULL,NULL,NULL,NULL,NULL,NULL,'2018-04-17 06:36:53','2018-04-17 06:36:53',58),(59,'Gov-Minis-59-59','AB/0071','فعالة','Sharp','AR','6031N','53033275',NULL,NULL,NULL,0.00,0.00,1,NULL,NULL,NULL,NULL,NULL,NULL,NULL,'2018-04-17 06:36:54','2018-04-17 06:36:54',59),(60,'Gov-Minis-60-60','AB/0075','فعالة','Sharp','AR','6031N','55028241',NULL,NULL,NULL,0.00,0.00,1,NULL,NULL,NULL,NULL,NULL,NULL,NULL,'2018-04-17 06:36:54','2018-04-17 06:36:54',60),(61,'Gov-Minis-61-61','AB/0076','فعالة','Sharp','AR','6031N','63022005',NULL,NULL,NULL,0.00,0.00,1,NULL,NULL,NULL,NULL,NULL,NULL,NULL,'2018-04-17 06:36:54','2018-04-17 06:36:54',61),(62,'Gov-Minis-62-62','AB/0092','فعالة','Sharp','AR','6031N','53024628',NULL,NULL,NULL,0.00,0.00,1,NULL,NULL,NULL,NULL,NULL,NULL,NULL,'2018-04-17 06:36:55','2018-04-17 06:36:55',62),(63,'Gov-Minis-63-63','AB/0093','فعالة','Sharp','AR','6031N','53035297',NULL,NULL,NULL,0.00,0.00,1,NULL,NULL,NULL,NULL,NULL,NULL,NULL,'2018-04-17 06:36:55','2018-04-17 06:36:55',63),(64,'Gov-Minis-64-64','AB/0094','فعالة','Sharp','AR','6031N','53065956',NULL,NULL,NULL,0.00,0.00,1,NULL,NULL,NULL,NULL,NULL,NULL,NULL,'2018-04-17 06:36:56','2018-04-17 06:36:56',64),(65,'Gov-Minis-65-65','AB/0095','فعالة','Sharp','AR','6031N','53036897',NULL,NULL,NULL,0.00,0.00,1,NULL,NULL,NULL,NULL,NULL,NULL,NULL,'2018-04-17 06:36:56','2018-04-17 06:36:56',65),(66,'Gov-Minis-66-66','AB/0114','فعالة','Sharp','AR','6031N','55028431',NULL,NULL,NULL,0.00,0.00,1,NULL,NULL,NULL,NULL,NULL,NULL,NULL,'2018-04-17 06:36:56','2018-04-17 06:36:56',66),(67,'Gov-Minis-67-67','E/171','فعالة','Sharp','AR','6031N','53064976',NULL,NULL,NULL,0.00,0.00,1,NULL,NULL,NULL,NULL,NULL,NULL,NULL,'2018-04-17 06:36:57','2018-04-17 06:36:57',67),(68,'Gov-Minis-68-68','E/175','فعالة','Sharp','AR','6031N','53036717',NULL,NULL,NULL,0.00,0.00,1,NULL,NULL,NULL,NULL,NULL,NULL,NULL,'2018-04-17 06:36:57','2018-04-17 06:36:57',68),(69,'Gov-Minis-69-69','E/176','فعالة','Sharp','AR','6031N','53066106',NULL,NULL,NULL,0.00,0.00,1,NULL,NULL,NULL,NULL,NULL,NULL,NULL,'2018-04-17 06:36:58','2018-04-17 06:36:58',69),(70,'Gov-Minis-70-70','E/177','فعالة','Sharp','AR','6031N','53035307',NULL,NULL,NULL,0.00,0.00,1,NULL,NULL,NULL,NULL,NULL,NULL,NULL,'2018-04-17 06:36:58','2018-04-17 06:36:58',70),(71,'Gov-Minis-71-71','E/181','فعالة','Sharp','AR','6031N','53066046',NULL,NULL,NULL,0.00,0.00,1,NULL,NULL,NULL,NULL,NULL,NULL,NULL,'2018-04-17 06:36:58','2018-04-17 06:36:58',71),(72,'Gov-Minis-72-72','E/184','فعالة','Sharp','AR','6031N','53065056',NULL,NULL,NULL,0.00,0.00,1,NULL,NULL,NULL,NULL,NULL,NULL,NULL,'2018-04-17 06:36:58','2018-04-17 06:36:59',72),(73,'Gov-Minis-73-73','E/185','فعالة','Sharp','AR','6031N','55037421',NULL,NULL,NULL,0.00,0.00,1,NULL,NULL,NULL,NULL,NULL,NULL,NULL,'2018-04-17 06:36:59','2018-04-17 06:36:59',73),(74,'Gov-Minis-74-74','E/187','فعالة','Sharp','AR','6031N','53066016',NULL,NULL,NULL,0.00,0.00,1,NULL,NULL,NULL,NULL,NULL,NULL,NULL,'2018-04-17 06:36:59','2018-04-17 06:36:59',74),(75,'Gov-Minis-75-75','E/188','فعالة','Sharp','AR','6031N','4507898Y',NULL,NULL,NULL,0.00,0.00,1,NULL,NULL,NULL,NULL,NULL,NULL,NULL,'2018-04-17 06:37:00','2018-04-17 06:37:00',75),(76,'Gov-Minis-76-76','E/189','فعالة','Sharp','AR','6031N','53064956',NULL,NULL,NULL,0.00,0.00,1,NULL,NULL,NULL,NULL,NULL,NULL,NULL,'2018-04-17 06:37:00','2018-04-17 06:37:00',76),(77,'Gov-Minis-77-77','E/190','فعالة','Sharp','AR','6031N','53037037',NULL,NULL,NULL,0.00,0.00,1,NULL,NULL,NULL,NULL,NULL,NULL,NULL,'2018-04-17 06:37:00','2018-04-17 06:37:01',77),(78,'Gov-Minis-78-78','E/191','فعالة','Sharp','AR','6031N','53065206',NULL,NULL,NULL,0.00,0.00,1,NULL,NULL,NULL,NULL,NULL,NULL,NULL,'2018-04-17 06:37:01','2018-04-17 06:37:01',78),(79,'Gov-Minis-79-79','E/193','فعالة','Sharp','AR','6031N','53065626',NULL,NULL,NULL,0.00,0.00,1,NULL,NULL,NULL,NULL,NULL,NULL,NULL,'2018-04-17 06:37:02','2018-04-17 06:37:02',79),(80,'Gov-Minis-80-80','E/195','فعالة','Sharp','AR','6031N','53024698',NULL,NULL,NULL,0.00,0.00,1,NULL,NULL,NULL,NULL,NULL,NULL,NULL,'2018-04-17 06:37:02','2018-04-17 06:37:02',80),(81,'Pri-Sc-81-81','6/324','فعالة','Sharp','MX-M','354U','55034838',NULL,NULL,NULL,0.00,0.00,1,NULL,NULL,NULL,NULL,NULL,NULL,NULL,'2018-04-17 06:37:03','2018-04-17 06:37:03',81),(82,'Pri-Sc-82-82','U/259','فعالة','Sharp','MX-M','354U','55034798',NULL,NULL,NULL,0.00,0.00,1,NULL,NULL,NULL,NULL,NULL,NULL,NULL,'2018-04-17 06:37:03','2018-04-17 06:37:03',82),(83,'Gov-Minis-83-83','AB/0019','فعالة','Sharp','AR','6020','53002099',NULL,NULL,NULL,0.00,0.00,1,NULL,NULL,NULL,NULL,NULL,NULL,NULL,'2018-04-17 06:37:03','2018-04-17 06:37:03',83),(84,'Gov-Hl-84-84','W/198','فعالة','Sharp','MX-M','314N','4503254Y',NULL,NULL,NULL,0.00,0.00,1,NULL,NULL,NULL,NULL,NULL,NULL,NULL,'2018-04-17 06:37:03','2018-04-17 06:37:04',84),(85,'Gov-Minis-85-85','AB/0080','فعالة','Sharp','MX-M','314','55015482',NULL,NULL,NULL,0.00,0.00,1,NULL,NULL,NULL,NULL,NULL,NULL,NULL,'2018-04-17 06:37:04','2018-04-17 06:37:04',85),(86,'Gov-Minis-86-86','AB/0081','فعالة','Sharp','MX-M','314 V','55015542',NULL,NULL,NULL,0.00,0.00,1,NULL,NULL,NULL,NULL,NULL,NULL,NULL,'2018-04-17 06:37:05','2018-04-17 06:37:05',86),(87,'Pri-Cor-87-87','الوان /25','فعالة','Sharp','DX','2500N','5300268X',NULL,NULL,NULL,0.00,0.00,1,NULL,NULL,NULL,NULL,NULL,NULL,NULL,'2018-04-17 06:37:05','2018-04-17 06:37:05',87),(88,'Pri-Cor-88-88','الوان /26','فعالة','Sharp','DX','2500N','5300266X',NULL,NULL,NULL,0.00,0.00,1,NULL,NULL,NULL,NULL,NULL,NULL,NULL,'2018-04-17 06:37:05','2018-04-17 06:37:05',88),(89,'Pri-Cor-89-89','AB/0091','فعالة','Sharp','MX','2314N','53001801',NULL,NULL,NULL,0.00,0.00,1,NULL,NULL,NULL,NULL,NULL,NULL,NULL,'2018-04-17 06:37:06','2018-04-17 06:37:06',89),(90,'Pri-Bn-90-90','U/194','فعالة','Sharp','MX-M','354U','55034858',NULL,NULL,NULL,0.00,0.00,1,NULL,NULL,NULL,NULL,NULL,NULL,NULL,'2018-04-17 06:37:06','2018-04-17 06:37:06',90),(91,'Gov-Inst-91-91','AB/0107','فعالة','Sharp','MX-M','356N','65019307',NULL,NULL,NULL,0.00,0.00,1,NULL,NULL,NULL,NULL,NULL,NULL,NULL,'2018-04-17 06:37:07','2018-04-17 06:37:07',91),(92,'Pri-Cor-92-92','X/445','فعالة','Sharp','AR','6020D','53003908',NULL,NULL,NULL,0.00,0.00,1,NULL,NULL,NULL,NULL,NULL,NULL,NULL,'2018-04-17 06:37:07','2018-04-17 06:37:07',92),(93,'Pri-Cor-93-93','AB/0098','فعالة','Sharp','AR','6020','6303272Y',NULL,NULL,NULL,0.00,0.00,1,NULL,NULL,NULL,NULL,NULL,NULL,NULL,'2018-04-17 06:37:08','2018-04-17 06:37:08',93),(94,'Pri-Cor-94-94','AB/0099','فعالة','Sharp','MX-M','315N','55028696',NULL,NULL,NULL,0.00,0.00,1,NULL,NULL,NULL,NULL,NULL,NULL,NULL,'2018-04-17 06:37:08','2018-04-17 06:37:08',94),(95,'Gov-Minis-95-95','5/006','فعالة','Sharp','MX-M','356N','65019267',NULL,NULL,NULL,0.00,0.00,1,NULL,NULL,NULL,NULL,NULL,NULL,NULL,'2018-04-17 06:37:08','2018-04-17 06:37:08',95),(96,'Gov-Minis-96-96','5/007','فعالة','Sharp','MX-M','356N','65040595',NULL,NULL,NULL,0.00,0.00,1,NULL,NULL,NULL,NULL,NULL,NULL,NULL,'2018-04-17 06:37:09','2018-04-17 06:37:09',96),(97,'Gov-Minis-97-97','5/008','فعالة','Sharp','MX-M','356N','65019237',NULL,NULL,NULL,0.00,0.00,1,NULL,NULL,NULL,NULL,NULL,NULL,NULL,'2018-04-17 06:37:09','2018-04-17 06:37:09',97),(98,'Pri-Cor-98-98','AB/0103','فعالة','Sharp','MX','2310','E001079',NULL,NULL,NULL,0.00,0.00,1,NULL,NULL,NULL,NULL,NULL,NULL,NULL,'2018-04-17 06:37:09','2018-04-17 06:37:09',98),(99,'Pri-Sc-99-99','X/460','فعالة','Sharp','AR','6020','63023171',NULL,NULL,NULL,0.00,0.00,1,NULL,NULL,NULL,NULL,NULL,NULL,NULL,'2018-04-17 06:37:10','2018-04-17 06:37:10',99),(100,'Gov-Hl-100-100','AB/0064','فعالة','Sharp','MX','B200','65000263',NULL,NULL,NULL,0.00,0.00,1,NULL,NULL,NULL,NULL,NULL,NULL,NULL,'2018-04-17 06:37:10','2018-04-17 06:37:10',100),(101,'Pri-Inst-101-101','AB/0101','فعالة','Sharp','AR','6020D','53004910',NULL,NULL,NULL,0.00,0.00,1,NULL,NULL,NULL,NULL,NULL,NULL,NULL,'2018-04-17 06:37:10','2018-04-17 06:37:10',101),(102,'Pri-Inst-102-102','X/470','فعالة','Sharp','AR','6020D','53003778',NULL,NULL,NULL,0.00,0.00,1,NULL,NULL,NULL,NULL,NULL,NULL,NULL,'2018-04-17 06:37:11','2018-04-17 06:37:11',102),(103,'Pri-Minis-103-103','AB/0015','فعالة','Sharp','AR','6020D','53005210',NULL,NULL,NULL,0.00,0.00,1,NULL,NULL,NULL,NULL,NULL,NULL,NULL,'2018-04-17 06:37:11','2018-04-17 06:37:11',103),(104,'Pri-Minis-104-104','AB/0096','فعالة','Sharp','AR','6031N','53065265',NULL,NULL,NULL,0.00,0.00,1,NULL,NULL,NULL,NULL,NULL,NULL,NULL,'2018-04-17 06:37:11','2018-04-17 06:37:11',104),(105,'Pri-Cor-105-105','X/457','فعالة','Sharp','AR','6020','6303193Y',NULL,NULL,NULL,0.00,0.00,1,NULL,NULL,NULL,NULL,NULL,NULL,NULL,'2018-04-17 06:37:12','2018-04-17 06:37:12',105),(106,'Pri-Cor-106-106','AB/0017','فعالة','Sharp','AR','6020D','53004940',NULL,NULL,NULL,0.00,0.00,1,NULL,NULL,NULL,NULL,NULL,NULL,NULL,'2018-04-17 06:37:12','2018-04-17 06:37:12',106),(107,'Pri-Sc-107-107','AB/0028','فعالة','Sharp','AR','6020','63024631',NULL,NULL,NULL,0.00,0.00,1,NULL,NULL,NULL,NULL,NULL,NULL,NULL,'2018-04-17 06:37:12','2018-04-17 06:37:12',107),(108,'Gov-Minis-108-108','X/441','فعالة','Sharp','AR','6020','6304335Y',NULL,NULL,NULL,0.00,0.00,1,NULL,NULL,NULL,NULL,NULL,NULL,NULL,'2018-04-17 06:37:13','2018-04-17 06:37:13',108),(109,'Gov-Minis-109-109','AB/0061','فعالة','Sharp','AR','6020','6303606Y',NULL,NULL,NULL,0.00,0.00,1,NULL,NULL,NULL,NULL,NULL,NULL,NULL,'2018-04-17 06:37:13','2018-04-17 06:37:13',109),(110,'Gov-Minis-110-110','AB/0062','فعالة','Sharp','MX-M','356','65019297',NULL,NULL,NULL,0.00,0.00,1,NULL,NULL,NULL,NULL,NULL,NULL,NULL,'2018-04-17 06:37:13','2018-04-17 06:37:13',110),(111,'Pri-Cor-111-111','X/468','فعالة','Sharp','AR','6020D','53003958',NULL,NULL,NULL,0.00,0.00,1,NULL,NULL,NULL,NULL,NULL,NULL,NULL,'2018-04-17 06:37:15','2018-04-17 06:37:15',111),(112,'Pri-Minis-112-112','6/323','فعالة','Sharp','MX-M','354U','65013051',NULL,NULL,NULL,0.00,0.00,1,NULL,NULL,NULL,NULL,NULL,NULL,NULL,'2018-04-17 06:37:15','2018-04-17 06:37:15',112),(113,'Pri-Minis-113-113','AB/0058','فعالة','Sharp','AR','6020','63050715',NULL,NULL,NULL,0.00,0.00,1,NULL,NULL,NULL,NULL,NULL,NULL,NULL,'2018-04-17 06:37:15','2018-04-17 06:37:15',113),(114,'Pri-Minis-114-114','X/443','فعالة','Sharp','AR','6020','63036785',NULL,NULL,NULL,0.00,0.00,1,NULL,NULL,NULL,NULL,NULL,NULL,NULL,'2018-04-17 06:37:16','2018-04-17 06:37:16',114),(115,'Pri-Inst-115-115','W/254','فعالة','Sharp','MX-M','314N','55004193',NULL,NULL,NULL,0.00,0.00,1,NULL,NULL,NULL,NULL,NULL,NULL,NULL,'2018-04-17 06:37:16','2018-04-17 06:37:16',115),(116,'Pri-Cor-116-116','AB/0033','فعالة','Sharp','AR','6020D','53005050',NULL,NULL,NULL,0.00,0.00,1,NULL,NULL,NULL,NULL,NULL,NULL,NULL,'2018-04-17 06:37:17','2018-04-17 06:37:17',116),(117,'Gov-Cor-117-117','6/303','فعالة','Sharp','AR','6020','53006086',NULL,NULL,NULL,0.00,0.00,1,NULL,NULL,NULL,NULL,NULL,NULL,NULL,'2018-04-17 06:37:17','2018-04-17 06:37:17',117),(118,'Gov-Cor-118-118','6/305','فعالة','Sharp','AR','6020','53006266Y',NULL,NULL,NULL,0.00,0.00,1,NULL,NULL,NULL,NULL,NULL,NULL,NULL,'2018-04-17 06:37:17','2018-04-17 06:37:17',118),(119,'Gov-Cor-119-119','6/306','فعالة','Sharp','AR','6020','53006176',NULL,NULL,NULL,0.00,0.00,1,NULL,NULL,NULL,NULL,NULL,NULL,NULL,'2018-04-17 06:37:18','2018-04-17 06:37:18',119),(120,'Gov-Cor-120-120','6/307','فعالة','Sharp','AR','6020','5300269Y',NULL,NULL,NULL,0.00,0.00,1,NULL,NULL,NULL,NULL,NULL,NULL,NULL,'2018-04-17 06:37:18','2018-04-17 06:37:18',120),(121,'Gov-Cor-121-121','6/308','فعالة','Sharp','AR','6020','53002129',NULL,NULL,NULL,0.00,0.00,1,NULL,NULL,NULL,NULL,NULL,NULL,NULL,'2018-04-17 06:37:18','2018-04-17 06:37:18',121),(122,'Gov-Cor-122-122','6/309','فعالة','Sharp','AR','6020','53002219',NULL,NULL,NULL,0.00,0.00,1,NULL,NULL,NULL,NULL,NULL,NULL,NULL,'2018-04-17 06:37:19','2018-04-17 06:37:19',122),(123,'Gov-Cor-123-123','6/310','فعالة','Sharp','AR','6020','53006136',NULL,NULL,NULL,0.00,0.00,1,NULL,NULL,NULL,NULL,NULL,NULL,NULL,'2018-04-17 06:37:19','2018-04-17 06:37:19',123),(124,'Gov-Cor-124-124','6/311','فعالة','Sharp','AR','6020','53006166',NULL,NULL,NULL,0.00,0.00,1,NULL,NULL,NULL,NULL,NULL,NULL,NULL,'2018-04-17 06:37:19','2018-04-17 06:37:19',124),(125,'Gov-Cor-125-125','AB/0039','فعالة','Sharp','AR','6020','6300917Y',NULL,NULL,NULL,0.00,0.00,1,NULL,NULL,NULL,NULL,NULL,NULL,NULL,'2018-04-17 06:37:20','2018-04-17 06:37:20',125),(126,'Gov-Cor-126-126','AB/0049','فعالة','Sharp','AR','6020','6303245Y',NULL,NULL,NULL,0.00,0.00,1,NULL,NULL,NULL,NULL,NULL,NULL,NULL,'2018-04-17 06:37:20','2018-04-17 06:37:20',126),(127,'Gov-Cor-127-127','AB/0060','فعالة','Sharp','AR','6020','6303612Y',NULL,NULL,NULL,0.00,0.00,1,NULL,NULL,NULL,NULL,NULL,NULL,NULL,'2018-04-17 06:37:21','2018-04-17 06:37:21',127),(128,'Gov-Cor-128-128','AB/0077','فعالة','Sharp','AR','6020','6303601Y',NULL,NULL,NULL,0.00,0.00,1,NULL,NULL,NULL,NULL,NULL,NULL,NULL,'2018-04-17 06:37:21','2018-04-17 06:37:21',128),(129,'Gov-Cor-129-129','AB/0078','فعالة','Sharp','AR','6020','6303597Y',NULL,NULL,NULL,0.00,0.00,1,NULL,NULL,NULL,NULL,NULL,NULL,NULL,'2018-04-17 06:37:21','2018-04-17 06:37:21',129),(130,'Gov-Cor-130-130','X/425','فعالة','Sharp','AR','6020D','5300260Y',NULL,NULL,NULL,0.00,0.00,1,NULL,NULL,NULL,NULL,NULL,NULL,NULL,'2018-04-17 06:37:22','2018-04-17 06:37:22',130),(131,'Gov-Cor-131-131','X/427','فعالة','Sharp','AR','6020D','5300273Y',NULL,NULL,NULL,0.00,0.00,1,NULL,NULL,NULL,NULL,NULL,NULL,NULL,'2018-04-17 06:37:22','2018-04-17 06:37:22',131),(132,'Gov-Cor-132-132','X/430','فعالة','Sharp','AR','6020D','53007547',NULL,NULL,NULL,0.00,0.00,1,NULL,NULL,NULL,NULL,NULL,NULL,NULL,'2018-04-17 06:37:23','2018-04-17 06:37:23',132),(133,'Gov-Cor-133-133','X/431','فعالة','Sharp','AR','6020D','53007477',NULL,NULL,NULL,0.00,0.00,1,NULL,NULL,NULL,NULL,NULL,NULL,NULL,'2018-04-17 06:37:23','2018-04-17 06:37:23',133),(134,'Gov-Cor-134-134','X/432','فعالة','Sharp','AR','6020D','53007507',NULL,NULL,NULL,0.00,0.00,1,NULL,NULL,NULL,NULL,NULL,NULL,NULL,'2018-04-17 06:37:24','2018-04-17 06:37:24',134),(135,'Gov-Cor-135-135','X/451','فعالة','Sharp','AR','6020','4510309X',NULL,NULL,NULL,0.00,0.00,1,NULL,NULL,NULL,NULL,NULL,NULL,NULL,'2018-04-17 06:37:24','2018-04-17 06:37:24',135),(136,'Pri-Sc-136-136','AB/0014','فعالة','Sharp','AR','6020','63024771',NULL,NULL,NULL,0.00,0.00,1,NULL,NULL,NULL,NULL,NULL,NULL,NULL,'2018-04-17 06:37:25','2018-04-17 06:37:25',136),(137,'Gov-Hl-137-137','6/281','فعالة','Sharp','MX-M','314','4503255Y',NULL,NULL,NULL,0.00,0.00,1,NULL,NULL,NULL,NULL,NULL,NULL,NULL,'2018-04-17 06:37:25','2018-04-17 06:37:25',137),(138,'Gov-Minis-138-138','V/436','فعالة','Sharp','AR','5620V','43027869',NULL,NULL,NULL,0.00,0.00,1,NULL,NULL,NULL,NULL,NULL,NULL,NULL,'2018-04-17 06:37:25','2018-04-17 06:37:26',138),(139,'Pri-Sc-139-139','AB/0018','فعالة','Sharp','AR','6020','6300998Y',NULL,NULL,NULL,0.00,0.00,1,NULL,NULL,NULL,NULL,NULL,NULL,NULL,'2018-04-17 06:37:26','2018-04-17 06:37:26',139),(140,'Pri-Sc-140-140','AB/0007','فعالة','Sharp','AR','6020','63008291',NULL,NULL,NULL,0.00,0.00,1,NULL,NULL,NULL,NULL,NULL,NULL,NULL,'2018-04-17 06:37:26','2018-04-17 06:37:26',140),(141,'Pri-Minis-141-141','AB/0066','فعالة','Sharp','MX-M','354','65015322',NULL,NULL,NULL,0.00,0.00,1,NULL,NULL,NULL,NULL,NULL,NULL,NULL,'2018-04-17 06:37:27','2018-04-17 06:37:27',141),(142,'Pri-Minis-142-142','AB/0067','فعالة','Sharp','MX-M','354','65015432',NULL,NULL,NULL,0.00,0.00,1,NULL,NULL,NULL,NULL,NULL,NULL,NULL,'2018-04-17 06:37:27','2018-04-17 06:37:27',142),(143,'Pri-Sc-143-143','X/469','فعالة','Sharp','AR','6020D','6300920Y',NULL,NULL,NULL,0.00,0.00,1,NULL,NULL,NULL,NULL,NULL,NULL,NULL,'2018-04-17 06:37:27','2018-04-17 06:37:27',143),(144,'Pri-Sc-144-144','AB/0106','فعالة','Sharp','AR','6020','63004192',NULL,NULL,NULL,0.00,0.00,1,NULL,NULL,NULL,NULL,NULL,NULL,NULL,'2018-04-17 06:37:28','2018-04-17 06:37:28',144),(145,'Pri-Sc-145-145','U/258','فعالة','Sharp','MX-M','354U','65015462',NULL,NULL,NULL,0.00,0.00,1,NULL,NULL,NULL,NULL,NULL,NULL,NULL,'2018-04-17 06:37:28','2018-04-17 06:37:28',145),(146,'Gov-Hl-146-146','X/424','فعالة','Sharp','AR','6020','6304327Y',NULL,NULL,NULL,0.00,0.00,1,NULL,NULL,NULL,NULL,NULL,NULL,NULL,'2018-04-17 06:37:28','2018-04-17 06:37:28',146),(147,'Gov-Minis-147-147','X/453','فعالة','Sharp','AR','6020','6300844Y',NULL,NULL,NULL,0.00,0.00,1,NULL,NULL,NULL,NULL,NULL,NULL,NULL,'2018-04-17 06:37:29','2018-04-17 06:37:29',147),(148,'Gov-Minis-148-148','AB/0116','فعالة','Sharp','AR','6020','6303338Y',NULL,NULL,NULL,0.00,0.00,1,NULL,NULL,NULL,NULL,NULL,NULL,NULL,'2018-04-17 06:37:29','2018-04-17 06:37:29',148),(149,'Gov-Minis-149-149','X/461','فعالة','Sharp','AR','6020','6303390Y',NULL,NULL,NULL,0.00,0.00,1,NULL,NULL,NULL,NULL,NULL,NULL,NULL,'2018-04-17 06:37:29','2018-04-17 06:37:30',149),(150,'Pri-Inst-150-150','AB/0013','فعالة','Sharp','AR','6020D','53002209',NULL,NULL,NULL,0.00,0.00,1,NULL,NULL,NULL,NULL,NULL,NULL,NULL,'2018-04-17 06:37:30','2018-04-17 06:37:30',150),(151,'Gov-Cor-151-151','AB/0035','فعالة','Sharp','AR','6020','6303189Y',NULL,NULL,NULL,0.00,0.00,1,NULL,NULL,NULL,NULL,NULL,NULL,NULL,'2018-04-17 06:37:30','2018-04-17 06:37:30',151),(152,'Pri-Minis-152-152','AB/0053','فعالة','Sharp','AR','6020D','53005260',NULL,NULL,NULL,0.00,0.00,1,NULL,NULL,NULL,NULL,NULL,NULL,NULL,'2018-04-17 06:37:31','2018-04-17 06:37:31',152),(153,'Pri-Hl-153-153','W/200','فعالة','Sharp','MX-M','314N','4503228Y',NULL,NULL,NULL,0.00,0.00,1,NULL,NULL,NULL,NULL,NULL,NULL,NULL,'2018-04-17 06:37:31','2018-04-17 06:37:31',153),(154,'Pri-Hl-154-154','U/193','فعالة','Sharp','MX-M','354U','65015312',NULL,NULL,NULL,0.00,0.00,1,NULL,NULL,NULL,NULL,NULL,NULL,NULL,'2018-04-17 06:37:32','2018-04-17 06:37:32',154),(155,'Gov-Minis-155-155','X/447','فعالة','Sharp','AR','6020','6304321Y',NULL,NULL,NULL,0.00,0.00,1,NULL,NULL,NULL,NULL,NULL,NULL,NULL,'2018-04-17 06:37:32','2018-04-17 06:37:32',155),(156,'Gov-Hl-156-156','W/197','فعالة','Sharp','MX-M','314N','4503257Y',NULL,NULL,NULL,0.00,0.00,1,NULL,NULL,NULL,NULL,NULL,NULL,NULL,'2018-04-17 06:37:33','2018-04-17 06:37:33',156),(157,'Pri-Inst-157-157','AB/0079','فعالة','Sharp','AR','6020','6300915Y',NULL,NULL,NULL,0.00,0.00,1,NULL,NULL,NULL,NULL,NULL,NULL,NULL,'2018-04-17 06:37:33','2018-04-17 06:37:33',157),(158,'Gov-Minis-158-158','W/250','فعالة','Sharp','MX-M','314NV','4503235Y',NULL,NULL,NULL,0.00,0.00,1,NULL,NULL,NULL,NULL,NULL,NULL,NULL,'2018-04-17 06:37:33','2018-04-17 06:37:33',158),(159,'Pri-Cor-159-159','AB/0110','فعالة','Sharp','AR','6020','53004920',NULL,NULL,NULL,0.00,0.00,1,NULL,NULL,NULL,NULL,NULL,NULL,NULL,'2018-04-17 06:37:34','2018-04-17 06:37:34',159),(160,'Pri-Sc-160-160','AB/0024','فعالة','Sharp','AR','6020D','53004880',NULL,NULL,NULL,0.00,0.00,1,NULL,NULL,NULL,NULL,NULL,NULL,NULL,'2018-04-17 06:37:34','2018-04-17 06:37:35',160),(161,'Gov-Minis-161-161','AB/0030','فعالة','Sharp','DX','2500N','5300242Y',NULL,NULL,NULL,0.00,0.00,1,NULL,NULL,NULL,NULL,NULL,NULL,NULL,'2018-04-17 06:37:35','2018-04-17 06:37:35',161),(162,'Gov-Minis-162-162','AB/0031','فعالة','Sharp','AR','6020D','53004960',NULL,NULL,NULL,0.00,0.00,1,NULL,NULL,NULL,NULL,NULL,NULL,NULL,'2018-04-17 06:37:35','2018-04-17 06:37:35',162),(163,'Gov-Minis-163-163','AB/0032','فعالة','Sharp','AR','6020D','53004990',NULL,NULL,NULL,0.00,0.00,1,NULL,NULL,NULL,NULL,NULL,NULL,NULL,'2018-04-17 06:37:36','2018-04-17 06:37:36',163),(164,'Gov-Hl-164-164','W/199','فعالة','Sharp','MX-M','314N','4503241Y',NULL,NULL,NULL,0.00,0.00,1,NULL,NULL,NULL,NULL,NULL,NULL,NULL,'2018-04-17 06:37:36','2018-04-17 06:37:36',164),(165,'Gov-Hl-165-165','W/232','فعالة','Sharp','MX-M','314NV','4503227Y',NULL,NULL,NULL,0.00,0.00,1,NULL,NULL,NULL,NULL,NULL,NULL,NULL,'2018-04-17 06:37:36','2018-04-17 06:37:36',165),(166,'Gov-Hl-166-166','W/233','فعالة','Sharp','MX-M','314NV','4503248Y',NULL,NULL,NULL,0.00,0.00,1,NULL,NULL,NULL,NULL,NULL,NULL,NULL,'2018-04-17 06:37:37','2018-04-17 06:37:37',166),(167,'Gov-Hl-167-167','W/234','فعالة','Sharp','MX-M','314NV','55015322',NULL,NULL,NULL,0.00,0.00,1,NULL,NULL,NULL,NULL,NULL,NULL,NULL,'2018-04-17 06:37:37','2018-04-17 06:37:37',167),(168,'Gov-Minis-168-168','W/204','فعالة','Sharp','MX-M','314N','4503246Y',NULL,NULL,NULL,0.00,0.00,1,NULL,NULL,NULL,NULL,NULL,NULL,NULL,'2018-04-17 06:37:37','2018-04-17 06:37:37',168),(169,'Gov-Minis-169-169','W/205','فعالة','Sharp','MX-M','314N','4503240Y',NULL,NULL,NULL,0.00,0.00,1,NULL,NULL,NULL,NULL,NULL,NULL,NULL,'2018-04-17 06:37:38','2018-04-17 06:37:38',169),(170,'Gov-Minis-170-170','X/463','فعالة','Sharp','AR','6020','6300803Y',NULL,NULL,NULL,0.00,0.00,1,NULL,NULL,NULL,NULL,NULL,NULL,NULL,'2018-04-17 06:37:38','2018-04-17 06:37:38',170),(171,'Gov-Minis-171-171','X/464','فعالة','Sharp','AR','6020','6303361Y',NULL,NULL,NULL,0.00,0.00,1,NULL,NULL,NULL,NULL,NULL,NULL,NULL,'2018-04-17 06:37:39','2018-04-17 06:37:39',171),(172,'Gov-Minis-172-172','AB/0001','فعالة','Sharp','MX-M','464N','65010196',NULL,NULL,NULL,0.00,0.00,1,NULL,NULL,NULL,NULL,NULL,NULL,NULL,'2018-04-17 06:37:39','2018-04-17 06:37:39',172),(173,'Gov-Minis-173-173','AB/0111','فعالة','Sharp','MX-M','654N','65002243',NULL,NULL,NULL,0.00,0.00,1,NULL,NULL,NULL,NULL,NULL,NULL,NULL,'2018-04-17 06:37:39','2018-04-17 06:37:39',173),(174,'Pri-Hl-174-174','W/236','فعالة','Sharp','MX-M','314NV','45034556',NULL,NULL,NULL,0.00,0.00,1,NULL,NULL,NULL,NULL,NULL,NULL,NULL,'2018-04-17 06:37:40','2018-04-17 06:37:40',174),(175,'Pri-Hl-175-175','W/237','فعالة','Sharp','MX-M','314NV','45034536',NULL,NULL,NULL,0.00,0.00,1,NULL,NULL,NULL,NULL,NULL,NULL,NULL,'2018-04-17 06:37:40','2018-04-17 06:37:41',175),(176,'Pri-Hl-176-176','W/238','فعالة','Sharp','MX-M','314NV','45034106',NULL,NULL,NULL,0.00,0.00,1,NULL,NULL,NULL,NULL,NULL,NULL,NULL,'2018-04-17 06:37:41','2018-04-17 06:37:41',176),(177,'Pri-Hl-177-177','W/240','فعالة','Sharp','MX-M','314NV','45034136',NULL,NULL,NULL,0.00,0.00,1,NULL,NULL,NULL,NULL,NULL,NULL,NULL,'2018-04-17 06:37:41','2018-04-17 06:37:41',177),(178,'Pri-Hl-178-178','W/247','فعالة','Sharp','MX-M','314NV','45034036',NULL,NULL,NULL,0.00,0.00,1,NULL,NULL,NULL,NULL,NULL,NULL,NULL,'2018-04-17 06:37:42','2018-04-17 06:37:42',178),(179,'Gov-Minis-179-179','X/442','فعالة','Sharp','AR','6020D','63005221',NULL,NULL,NULL,0.00,0.00,1,NULL,NULL,NULL,NULL,NULL,NULL,NULL,'2018-04-17 06:37:42','2018-04-17 06:37:42',179),(180,'Gov-Minis-180-180','AB/0016','فعالة','Sharp','AR','6020D','53004850',NULL,NULL,NULL,0.00,0.00,1,NULL,NULL,NULL,NULL,NULL,NULL,NULL,'2018-04-17 06:37:43','2018-04-17 06:37:43',180),(181,'Gov-Minis-181-181','AB/0003','فعالة','Sharp','AR','6020','53004860',NULL,NULL,NULL,0.00,0.00,1,NULL,NULL,NULL,NULL,NULL,NULL,NULL,'2018-04-17 06:37:43','2018-04-17 06:37:43',181),(182,'Pri-Cor-182-182','AB/0102','فعالة','Sharp','AR','6020','6303279Y',NULL,NULL,NULL,0.00,0.00,1,NULL,NULL,NULL,NULL,NULL,NULL,NULL,'2018-04-17 06:37:43','2018-04-17 06:37:43',182),(183,'Gov-Cor-183-183','X/194','فعالة','Sharp','AR','6020','63004662',NULL,NULL,NULL,0.00,0.00,1,NULL,NULL,NULL,NULL,NULL,NULL,NULL,'2018-04-17 06:37:44','2018-04-17 06:37:44',183),(184,'Gov-Cor-184-184','X/206','فعالة','Sharp','AR','6020','5300256Y',NULL,NULL,NULL,0.00,0.00,1,NULL,NULL,NULL,NULL,NULL,NULL,NULL,'2018-04-17 06:37:44','2018-04-17 06:37:44',184),(185,'Gov-Cor-185-185','X/428','فعالة','Sharp','AR','6020D','5300257Y',NULL,NULL,NULL,0.00,0.00,1,NULL,NULL,NULL,NULL,NULL,NULL,NULL,'2018-04-17 06:37:45','2018-04-17 06:37:45',185),(186,'Gov-Minis-186-186','E/178','فعالة','Sharp','AR','6031N','53064786',NULL,NULL,NULL,0.00,0.00,1,NULL,NULL,NULL,NULL,NULL,NULL,NULL,'2018-04-17 06:37:45','2018-04-17 06:37:45',186),(187,'Gov-Minis-187-187','E/179','فعالة','Sharp','AR','6031N','53036947',NULL,NULL,NULL,0.00,0.00,1,NULL,NULL,NULL,NULL,NULL,NULL,NULL,'2018-04-17 06:37:45','2018-04-17 06:37:45',187),(188,'Gov-Minis-188-188','E/180','فعالة','Sharp','AR','6031N','53037007',NULL,NULL,NULL,0.00,0.00,1,NULL,NULL,NULL,NULL,NULL,NULL,NULL,'2018-04-17 06:37:46','2018-04-17 06:37:46',188),(189,'Gov-Minis-189-189','E/199','فعالة','Sharp','AR','6031N','55028291',NULL,NULL,NULL,0.00,0.00,1,NULL,NULL,NULL,NULL,NULL,NULL,NULL,'2018-04-17 06:37:46','2018-04-17 06:37:46',189),(190,'Gov-Minis-190-190',',0026','فعالة','Sharp','AR','6026N','5301519X',NULL,NULL,NULL,0.00,0.00,1,NULL,NULL,NULL,NULL,NULL,NULL,NULL,'2018-04-17 06:37:46','2018-04-17 06:37:46',190),(191,'Gov-Minis-191-191',',0027','فعالة','Sharp','AR','6026N','5301516X',NULL,NULL,NULL,0.00,0.00,1,NULL,NULL,NULL,NULL,NULL,NULL,NULL,'2018-04-17 06:37:47','2018-04-17 06:37:47',191),(192,'Gov-Minis-192-192','AB/0097','فعالة','Sharp','AR','6031N','53032785',NULL,NULL,NULL,0.00,0.00,1,NULL,NULL,NULL,NULL,NULL,NULL,NULL,'2018-04-17 06:37:47','2018-04-17 06:37:47',192),(193,'Gov-Minis-193-193','AB/0036','فعالة','Sharp','AR','6031N','55028281',NULL,NULL,NULL,0.00,0.00,1,NULL,NULL,NULL,NULL,NULL,NULL,NULL,'2018-04-17 06:37:48','2018-04-17 06:37:48',193),(194,'Gov-Minis-194-194','AB/0037','فعالة','Sharp','AR','6031N','53024488',NULL,NULL,NULL,0.00,0.00,1,NULL,NULL,NULL,NULL,NULL,NULL,NULL,'2018-04-17 06:37:48','2018-04-17 06:37:48',194),(195,'Gov-Minis-195-195','AB/0038','فعالة','Sharp','AR','5731','1528128',NULL,NULL,NULL,0.00,0.00,1,NULL,NULL,NULL,NULL,NULL,NULL,NULL,'2018-04-17 06:37:49','2018-04-17 06:37:49',195),(196,'Gov-Minis-196-196','E/183','فعالة','Sharp','AR','6031N','55037461',NULL,NULL,NULL,0.00,0.00,1,NULL,NULL,NULL,NULL,NULL,NULL,NULL,'2018-04-17 06:37:49','2018-04-17 06:37:49',196),(197,'Gov-Minis-197-197','AB/0025','فعالة','Sharp','AR','6020','63036101',NULL,NULL,NULL,0.00,0.00,1,NULL,NULL,NULL,NULL,NULL,NULL,NULL,'2018-04-17 06:37:49','2018-04-17 06:37:49',197),(198,'Gov-Cor-198-198','X/198','فعالة','Sharp','AR','6020','53003838',NULL,NULL,NULL,0.00,0.00,1,NULL,NULL,NULL,NULL,NULL,NULL,NULL,'2018-04-17 06:37:50','2018-04-17 06:37:50',198),(199,'Gov-Minis-199-199','AB/0040','فعالة','Sharp','AR','6031N','93065246',NULL,NULL,NULL,0.00,0.00,1,NULL,NULL,NULL,NULL,NULL,NULL,NULL,'2018-04-17 06:37:50','2018-04-17 06:37:50',199),(200,'Gov-Minis-200-200','X/465','فعالة','Sharp','AR','6020','6303190X',NULL,NULL,NULL,0.00,0.00,1,NULL,NULL,NULL,NULL,NULL,NULL,NULL,'2018-04-17 06:37:50','2018-04-17 06:37:50',200),(201,'Gov-Minis-201-201','E/192','فعالة','Sharp','AR','6031N','53032155',NULL,NULL,NULL,0.00,0.00,1,NULL,NULL,NULL,NULL,NULL,NULL,NULL,'2018-04-17 06:37:51','2018-04-17 06:37:51',201),(202,'Gov-Minis-202-202','AB/0027','فعالة','Sharp','AR','5620','43013231',NULL,NULL,NULL,0.00,0.00,1,NULL,NULL,NULL,NULL,NULL,NULL,NULL,'2018-04-17 06:37:51','2018-04-17 06:37:51',202),(203,'Gov-Minis-203-203','X/452','فعالة','Sharp','AR','6020','6303602Y',NULL,NULL,NULL,0.00,0.00,1,NULL,NULL,NULL,NULL,NULL,NULL,NULL,'2018-04-17 06:37:52','2018-04-17 06:37:52',203),(204,'Gov-Bn-204-204','V/431','فعالة','Sharp','AR','5620V','43027929',NULL,NULL,NULL,0.00,0.00,1,NULL,NULL,NULL,NULL,NULL,NULL,NULL,'2018-04-17 06:37:52','2018-04-17 06:37:52',204),(205,'Gov-Cor-205-205','E/182','فعالة','Sharp','AR','6031N','63024655',NULL,NULL,NULL,0.00,0.00,1,NULL,NULL,NULL,NULL,NULL,NULL,NULL,'2018-04-17 06:37:52','2018-04-17 06:37:52',205),(206,'Gov-Minis-206-206','AB/0088','فعالة','Sharp','AR','6031N','53035397',NULL,NULL,NULL,0.00,0.00,1,NULL,NULL,NULL,NULL,NULL,NULL,NULL,'2018-04-17 06:37:53','2018-04-17 06:37:53',206),(207,'Gov-Minis-207-207','W/249','فعالة','Sharp','MX-M','314NV','5500428300',NULL,NULL,NULL,0.00,0.00,1,NULL,NULL,NULL,NULL,NULL,NULL,NULL,'2018-04-17 06:37:53','2018-04-17 06:37:53',207),(208,'Pri-Sc-208-208','AB/0100','فعالة','Sharp','AR','6020','63023431',NULL,NULL,NULL,0.00,0.00,1,NULL,NULL,NULL,NULL,NULL,NULL,NULL,'2018-04-17 06:37:53','2018-04-17 06:37:53',208),(209,'Pri-Sc-209-209','AB/0131','فعالة','Sharp','AR','5620V','43027619',NULL,NULL,NULL,0.00,0.00,1,NULL,NULL,NULL,NULL,NULL,NULL,NULL,'2018-04-17 06:37:54','2018-04-17 06:37:54',209),(210,'Pri-Sc-210-210','AB/0008','فعالة','Sharp','AR','6020','63007471',NULL,NULL,NULL,0.00,0.00,1,NULL,NULL,NULL,NULL,NULL,NULL,NULL,'2018-04-17 06:37:54','2018-04-17 06:37:54',210),(211,'Gov-Minis-211-211','AB/0134','فعالة','Sharp','AR','6020','6303596Y',NULL,NULL,NULL,0.00,0.00,1,NULL,NULL,NULL,NULL,NULL,NULL,NULL,'2018-04-17 06:37:54','2018-04-17 06:37:54',211),(212,'Pri-Sc-212-212','X/466','فعالة','Sharp','AR','6020','5300514X',NULL,NULL,NULL,0.00,0.00,1,NULL,NULL,NULL,NULL,NULL,NULL,NULL,'2018-04-17 06:37:55','2018-04-17 06:37:55',212),(213,'Gov-Minis-213-213','X/467','فعالة','Sharp','AR','6020','63024941',NULL,NULL,NULL,0.00,0.00,1,NULL,NULL,NULL,NULL,NULL,NULL,NULL,'2018-04-17 06:37:55','2018-04-17 06:37:55',213),(214,'Gov-Hl-214-214','W/206','فعالة','Sharp','MX-M','314N','55004253',NULL,NULL,NULL,0.00,0.00,1,NULL,NULL,NULL,NULL,NULL,NULL,NULL,'2018-04-17 06:37:56','2018-04-17 06:37:56',214),(215,'Pri-Sc-215-215','X/421','فعالة','Sharp','AR','6020','5300516Y',NULL,NULL,NULL,0.00,0.00,1,NULL,NULL,NULL,NULL,NULL,NULL,NULL,'2018-04-17 06:37:56','2018-04-17 06:37:56',215),(216,'Pri-Minis-216-216','AB/0002','فعالة','Sharp','AR','6020','6304348Y',NULL,NULL,NULL,0.00,0.00,1,NULL,NULL,NULL,NULL,NULL,NULL,NULL,'2018-04-17 06:37:57','2018-04-17 06:37:57',216),(217,'Gov-Minis-217-217','W/248','فعالة','Sharp','MX-M','314NV','55015452',NULL,NULL,NULL,0.00,0.00,1,NULL,NULL,NULL,NULL,NULL,NULL,NULL,'2018-04-17 06:37:57','2018-04-17 06:37:57',217),(218,'Gov-Cor-218-218','AB/0055','فعالة','Sharp','AR','6020','6303336Y',NULL,NULL,NULL,0.00,0.00,1,NULL,NULL,NULL,NULL,NULL,NULL,NULL,'2018-04-17 06:37:57','2018-04-17 06:37:57',218),(219,'Gov-Cor-219-219','X/192','فعالة','Sharp','AR','6020','53002089',NULL,NULL,NULL,0.00,0.00,1,NULL,NULL,NULL,NULL,NULL,NULL,NULL,'2018-04-17 06:37:58','2018-04-17 06:37:58',219),(220,'Gov-Cor-220-220','X/193','فعالة','Sharp','AR','6020','53002079',NULL,NULL,NULL,0.00,0.00,1,NULL,NULL,NULL,NULL,NULL,NULL,NULL,'2018-04-17 06:37:58','2018-04-17 06:37:58',220),(221,'Gov-Cor-221-221','X/200','فعالة','Sharp','AR','6020','63004562',NULL,NULL,NULL,0.00,0.00,1,NULL,NULL,NULL,NULL,NULL,NULL,NULL,'2018-04-17 06:37:58','2018-04-17 06:37:58',221),(222,'Gov-Cor-222-222','X/203','فعالة','Sharp','AR','6020','53006076',NULL,NULL,NULL,0.00,0.00,1,NULL,NULL,NULL,NULL,NULL,NULL,NULL,'2018-04-17 06:37:59','2018-04-17 06:37:59',222),(223,'Gov-Cor-223-223','X/204','فعالة','Sharp','AR','6020','63004502',NULL,NULL,NULL,0.00,0.00,1,NULL,NULL,NULL,NULL,NULL,NULL,NULL,'2018-04-17 06:37:59','2018-04-17 06:37:59',223),(224,'Pri-Sc-224-224','X/449','فعالة','Sharp','AR','6020','6300885Y',NULL,NULL,NULL,0.00,0.00,1,NULL,NULL,NULL,NULL,NULL,NULL,NULL,'2018-04-17 06:37:59','2018-04-17 06:37:59',224),(225,'Pri-Sc-225-225','X/438','فعالة','Sharp','AR','6020','6303603Y',NULL,NULL,NULL,0.00,0.00,1,NULL,NULL,NULL,NULL,NULL,NULL,NULL,'2018-04-17 06:38:00','2018-04-17 06:38:00',225),(226,'Pri-Sc-226-226','X/439','فعالة','Sharp','AR','6020','6303611Y',NULL,NULL,NULL,0.00,0.00,1,NULL,NULL,NULL,NULL,NULL,NULL,NULL,'2018-04-17 06:38:00','2018-04-17 06:38:00',226),(227,'Pri-Sc-227-227','AB/0050','فعالة','Sharp','AR','6020','63034472',NULL,NULL,NULL,0.00,0.00,1,NULL,NULL,NULL,NULL,NULL,NULL,NULL,'2018-04-17 06:38:01','2018-04-17 06:38:01',227),(228,'Pri-Sc-228-228','AB0051','فعالة','Sharp','AR','6020','6304322Y',NULL,NULL,NULL,0.00,0.00,1,NULL,NULL,NULL,NULL,NULL,NULL,NULL,'2018-04-17 06:38:01','2018-04-17 06:38:01',228),(229,'Pri-Sc-229-229','AB/0009','فعالة','Sharp','AR','6020','6300978Y',NULL,NULL,NULL,0.00,0.00,1,NULL,NULL,NULL,NULL,NULL,NULL,NULL,'2018-04-17 06:38:02','2018-04-17 06:38:02',229),(230,'Pri-Sc-230-230','X/455','فعالة','Sharp','AR','6020','6304630Y',NULL,NULL,NULL,0.00,0.00,1,NULL,NULL,NULL,NULL,NULL,NULL,NULL,'2018-04-17 06:38:02','2018-04-17 06:38:02',230),(231,'Pri-Sc-231-231','X/440','فعالة','Sharp','AR','6020','6304324Y',NULL,NULL,NULL,0.00,0.00,1,NULL,NULL,NULL,NULL,NULL,NULL,NULL,'2018-04-17 06:38:02','2018-04-17 06:38:02',231),(232,'Pri-Sc-232-232','X/450','فعالة','Sharp','AR','6020','6303197Y',NULL,NULL,NULL,0.00,0.00,1,NULL,NULL,NULL,NULL,NULL,NULL,NULL,'2018-04-17 06:38:03','2018-04-17 06:38:03',232),(233,'Pri-Sc-233-233','X/459','فعالة','Sharp','AR','6020','6304557Y',NULL,NULL,NULL,0.00,0.00,1,NULL,NULL,NULL,NULL,NULL,NULL,NULL,'2018-04-17 06:38:03','2018-04-17 06:38:03',233),(234,'Pri-Sc-234-234','X/436','فعالة','Sharp','AR','6020','6303188Y',NULL,NULL,NULL,0.00,0.00,1,NULL,NULL,NULL,NULL,NULL,NULL,NULL,'2018-04-17 06:38:03','2018-04-17 06:38:04',234),(235,'Pri-Sc-235-235','X/437','فعالة','Sharp','AR','6020','6304629Y',NULL,NULL,NULL,0.00,0.00,1,NULL,NULL,NULL,NULL,NULL,NULL,NULL,'2018-04-17 06:38:04','2018-04-17 06:38:04',235),(236,'Pri-Sc-236-236','X/435','فعالة','Sharp','AR','6020','6304624Y',NULL,NULL,NULL,0.00,0.00,1,NULL,NULL,NULL,NULL,NULL,NULL,NULL,'2018-04-17 06:38:04','2018-04-17 06:38:04',236),(237,'Pri-Sc-237-237','AB/0046','فعالة','Sharp','AR','6020','63006761',NULL,NULL,NULL,0.00,0.00,1,NULL,NULL,NULL,NULL,NULL,NULL,NULL,'2018-04-17 06:38:04','2018-04-17 06:38:05',237),(238,'Pri-Sc-238-238','X/456','فعالة','Sharp','AR','6020','6303604Y',NULL,NULL,NULL,0.00,0.00,1,NULL,NULL,NULL,NULL,NULL,NULL,NULL,'2018-04-17 06:38:05','2018-04-17 06:38:05',238),(239,'Pri-Sc-239-239','X/454','فعالة','Sharp','AR','6020','6303614Y',NULL,NULL,NULL,0.00,0.00,1,NULL,NULL,NULL,NULL,NULL,NULL,NULL,'2018-04-17 06:38:05','2018-04-17 06:38:05',239),(240,'Pri-Sc-240-240','X/433','فعالة','Sharp','AR','6020','6303618Y',NULL,NULL,NULL,0.00,0.00,1,NULL,NULL,NULL,NULL,NULL,NULL,NULL,'2018-04-17 06:38:05','2018-04-17 06:38:05',240),(241,'Pri-Sc-241-241','X/434','فعالة','Sharp','AR','6020','6304561Y',NULL,NULL,NULL,0.00,0.00,1,NULL,NULL,NULL,NULL,NULL,NULL,NULL,'2018-04-17 06:38:06','2018-04-17 06:38:06',241),(242,'Gov-Minis-242-242','X/448','فعالة','Sharp','AR','6020','6304565Y',NULL,NULL,NULL,0.00,0.00,1,NULL,NULL,NULL,NULL,NULL,NULL,NULL,'2018-04-17 06:38:06','2018-04-17 06:38:06',242),(243,'Gov-Minis-243-243','AB/0056','فعالة','Sharp','AR','6020','6303593Y',NULL,NULL,NULL,0.00,0.00,1,NULL,NULL,NULL,NULL,NULL,NULL,NULL,'2018-04-17 06:38:07','2018-04-17 06:38:07',243),(244,'Gov-Minis-244-244','X/462','فعالة','Sharp','AR','6020','6303194Y',NULL,NULL,NULL,0.00,0.00,1,NULL,NULL,NULL,NULL,NULL,NULL,NULL,'2018-04-17 06:38:07','2018-04-17 06:38:07',244),(245,'Pri-Minis-245-245','AB/0047','فعالة','Sharp','AR','6020','6304354Y',NULL,NULL,NULL,0.00,0.00,1,NULL,NULL,NULL,NULL,NULL,NULL,NULL,'2018-04-17 06:38:08','2018-04-17 06:38:08',245),(246,'Gov-Hl-246-246','X/112','فعالة','Sharp','AR','6020','53006728',NULL,NULL,NULL,0.00,0.00,1,NULL,NULL,NULL,NULL,NULL,NULL,NULL,'2018-04-17 06:38:08','2018-04-17 06:38:08',246),(247,'Gov-Hl-247-247','X/113','فعالة','Sharp','AR','6020','53008555',NULL,NULL,NULL,0.00,0.00,1,NULL,NULL,NULL,NULL,NULL,NULL,NULL,'2018-04-17 06:38:08','2018-04-17 06:38:08',247),(248,'Gov-Hl-248-248','X/114','فعالة','Sharp','AR','6020','53006848',NULL,NULL,NULL,0.00,0.00,1,NULL,NULL,NULL,NULL,NULL,NULL,NULL,'2018-04-17 06:38:09','2018-04-17 06:38:09',248),(249,'Gov-Cor-249-249','X/429','فعالة','Sharp','AR','6020D','53007567',NULL,NULL,NULL,0.00,0.00,1,NULL,NULL,NULL,NULL,NULL,NULL,NULL,'2018-04-17 06:38:09','2018-04-17 06:38:09',249),(250,'Pri-Cor-250-250','AB/0112','فعالة','Sharp','AR','6031N','63065176',NULL,NULL,NULL,0.00,0.00,1,NULL,NULL,NULL,NULL,NULL,NULL,NULL,'2018-04-17 06:38:10','2018-04-17 06:38:10',250),(251,'Gov-Cor-251-251','E/173','فعالة','Sharp','AR','6031N','63024555',NULL,NULL,NULL,0.00,0.00,1,NULL,NULL,NULL,NULL,NULL,NULL,NULL,'2018-04-17 06:38:10','2018-04-17 06:38:10',251),(252,'Gov-Cor-252-252','E/174','فعالة','Sharp','AR','6031N','63024695',NULL,NULL,NULL,0.00,0.00,1,NULL,NULL,NULL,NULL,NULL,NULL,NULL,'2018-04-17 06:38:11','2018-04-17 06:38:11',252),(253,'Gov-Minis-253-253','AB/0063','فعالة','Sharp','AR','6031N','4507885Y',NULL,NULL,NULL,0.00,0.00,1,NULL,NULL,NULL,NULL,NULL,NULL,NULL,'2018-04-17 06:38:11','2018-04-17 06:38:11',253),(254,'Gov-Minis-254-254','E/186','فعالة','Sharp','AR','6031N','53064926',NULL,NULL,NULL,0.00,0.00,1,NULL,NULL,NULL,NULL,NULL,NULL,NULL,'2018-04-17 06:38:12','2018-04-17 06:38:12',254),(255,'Gov-Minis-255-255','AB/0004','فعالة','Sharp','AR','6020D','53007517',NULL,NULL,NULL,0.00,0.00,1,NULL,NULL,NULL,NULL,NULL,NULL,NULL,'2018-04-17 06:38:12','2018-04-17 06:38:12',255),(256,'Gov-Minis-256-256','AB/0005','فعالة','Sharp','AR','6020D','53007597',NULL,NULL,NULL,0.00,0.00,1,NULL,NULL,NULL,NULL,NULL,NULL,NULL,'2018-04-17 06:38:13','2018-04-17 06:38:13',256);
/*!40000 ALTER TABLE `printing_machines` ENABLE KEYS */;
UNLOCK TABLES;

--
-- Table structure for table `project_images`
--

DROP TABLE IF EXISTS `project_images`;
/*!40101 SET @saved_cs_client     = @@character_set_client */;
/*!40101 SET character_set_client = utf8 */;
CREATE TABLE `project_images` (
  `id` int(10) unsigned NOT NULL AUTO_INCREMENT,
  `imageable_id` int(11) NOT NULL,
  `imageable_type` varchar(191) COLLATE utf8mb4_unicode_ci NOT NULL,
  `name` varchar(191) COLLATE utf8mb4_unicode_ci NOT NULL,
  `type` varchar(191) COLLATE utf8mb4_unicode_ci NOT NULL,
  `comments` text COLLATE utf8mb4_unicode_ci,
  `created_at` timestamp NULL DEFAULT NULL,
  `updated_at` timestamp NULL DEFAULT NULL,
  PRIMARY KEY (`id`)
) ENGINE=InnoDB DEFAULT CHARSET=utf8mb4 COLLATE=utf8mb4_unicode_ci;
/*!40101 SET character_set_client = @saved_cs_client */;

--
-- Dumping data for table `project_images`
--

LOCK TABLES `project_images` WRITE;
/*!40000 ALTER TABLE `project_images` DISABLE KEYS */;
/*!40000 ALTER TABLE `project_images` ENABLE KEYS */;
UNLOCK TABLES;

--
-- Table structure for table `reading_of_printing_machines`
--

DROP TABLE IF EXISTS `reading_of_printing_machines`;
/*!40101 SET @saved_cs_client     = @@character_set_client */;
/*!40101 SET character_set_client = utf8 */;
CREATE TABLE `reading_of_printing_machines` (
  `id` int(10) unsigned NOT NULL AUTO_INCREMENT,
  `value` varchar(191) COLLATE utf8mb4_unicode_ci DEFAULT NULL,
  `reading_date` datetime DEFAULT NULL,
  `comments` text COLLATE utf8mb4_unicode_ci,
  `created_at` timestamp NULL DEFAULT NULL,
  `updated_at` timestamp NULL DEFAULT NULL,
  `visit_id` int(10) unsigned DEFAULT NULL,
  `printing_machine_id` int(10) unsigned NOT NULL,
  PRIMARY KEY (`id`),
  KEY `reading_of_printing_machines_visit_id_foreign` (`visit_id`),
  KEY `reading_of_printing_machines_printing_machine_id_foreign` (`printing_machine_id`),
  CONSTRAINT `reading_of_printing_machines_printing_machine_id_foreign` FOREIGN KEY (`printing_machine_id`) REFERENCES `printing_machines` (`id`) ON DELETE CASCADE,
  CONSTRAINT `reading_of_printing_machines_visit_id_foreign` FOREIGN KEY (`visit_id`) REFERENCES `visits` (`id`) ON DELETE CASCADE
) ENGINE=InnoDB DEFAULT CHARSET=utf8mb4 COLLATE=utf8mb4_unicode_ci;
/*!40101 SET character_set_client = @saved_cs_client */;

--
-- Dumping data for table `reading_of_printing_machines`
--

LOCK TABLES `reading_of_printing_machines` WRITE;
/*!40000 ALTER TABLE `reading_of_printing_machines` DISABLE KEYS */;
/*!40000 ALTER TABLE `reading_of_printing_machines` ENABLE KEYS */;
UNLOCK TABLES;

--
-- Table structure for table `reference_malfunctions`
--

DROP TABLE IF EXISTS `reference_malfunctions`;
/*!40101 SET @saved_cs_client     = @@character_set_client */;
/*!40101 SET character_set_client = utf8 */;
CREATE TABLE `reference_malfunctions` (
  `id` int(10) unsigned NOT NULL AUTO_INCREMENT,
  `malfunction_type` text COLLATE utf8mb4_unicode_ci,
  `works_were_done` text COLLATE utf8mb4_unicode_ci,
  `created_at` timestamp NULL DEFAULT NULL,
  `updated_at` timestamp NULL DEFAULT NULL,
  `reference_id` int(10) unsigned DEFAULT NULL,
  PRIMARY KEY (`id`),
  KEY `reference_malfunctions_reference_id_foreign` (`reference_id`),
  CONSTRAINT `reference_malfunctions_reference_id_foreign` FOREIGN KEY (`reference_id`) REFERENCES `references` (`id`) ON DELETE CASCADE
) ENGINE=InnoDB DEFAULT CHARSET=utf8mb4 COLLATE=utf8mb4_unicode_ci;
/*!40101 SET character_set_client = @saved_cs_client */;

--
-- Dumping data for table `reference_malfunctions`
--

LOCK TABLES `reference_malfunctions` WRITE;
/*!40000 ALTER TABLE `reference_malfunctions` DISABLE KEYS */;
/*!40000 ALTER TABLE `reference_malfunctions` ENABLE KEYS */;
UNLOCK TABLES;

--
-- Table structure for table `references`
--

DROP TABLE IF EXISTS `references`;
/*!40101 SET @saved_cs_client     = @@character_set_client */;
/*!40101 SET character_set_client = utf8 */;
CREATE TABLE `references` (
  `id` int(10) unsigned NOT NULL AUTO_INCREMENT,
  `code` varchar(191) COLLATE utf8mb4_unicode_ci DEFAULT NULL,
  `notebook_number` varchar(191) COLLATE utf8mb4_unicode_ci DEFAULT NULL,
  `type` varchar(191) COLLATE utf8mb4_unicode_ci DEFAULT NULL,
  `status` varchar(191) COLLATE utf8mb4_unicode_ci DEFAULT NULL,
  `received_date` datetime DEFAULT NULL,
  `closing_date` datetime DEFAULT NULL,
  `readings_of_printing_machine` varchar(191) COLLATE utf8mb4_unicode_ci DEFAULT NULL,
  `comments` text COLLATE utf8mb4_unicode_ci,
  `informer_name` varchar(191) COLLATE utf8mb4_unicode_ci DEFAULT NULL,
  `informer_phone` varchar(191) COLLATE utf8mb4_unicode_ci DEFAULT NULL,
  `reviewed_by_the_chief_engineer` varchar(191) COLLATE utf8mb4_unicode_ci DEFAULT NULL,
  `created_at` timestamp NULL DEFAULT NULL,
  `updated_at` timestamp NULL DEFAULT NULL,
  `employee_id` int(10) unsigned DEFAULT NULL,
  `employee_id_who_receive_the_reference` int(10) unsigned DEFAULT NULL,
  `printing_machine_id` int(10) unsigned DEFAULT NULL,
  PRIMARY KEY (`id`),
  KEY `references_employee_id_foreign` (`employee_id`),
  KEY `references_employee_id_who_receive_the_reference_foreign` (`employee_id_who_receive_the_reference`),
  KEY `references_printing_machine_id_foreign` (`printing_machine_id`),
  CONSTRAINT `references_employee_id_foreign` FOREIGN KEY (`employee_id`) REFERENCES `employees` (`id`) ON DELETE SET NULL,
  CONSTRAINT `references_employee_id_who_receive_the_reference_foreign` FOREIGN KEY (`employee_id_who_receive_the_reference`) REFERENCES `employees` (`id`) ON DELETE SET NULL,
  CONSTRAINT `references_printing_machine_id_foreign` FOREIGN KEY (`printing_machine_id`) REFERENCES `printing_machines` (`id`) ON DELETE SET NULL
) ENGINE=InnoDB DEFAULT CHARSET=utf8mb4 COLLATE=utf8mb4_unicode_ci;
/*!40101 SET character_set_client = @saved_cs_client */;

--
-- Dumping data for table `references`
--

LOCK TABLES `references` WRITE;
/*!40000 ALTER TABLE `references` DISABLE KEYS */;
/*!40000 ALTER TABLE `references` ENABLE KEYS */;
UNLOCK TABLES;

--
-- Table structure for table `role_user`
--

DROP TABLE IF EXISTS `role_user`;
/*!40101 SET @saved_cs_client     = @@character_set_client */;
/*!40101 SET character_set_client = utf8 */;
CREATE TABLE `role_user` (
  `role_id` int(10) unsigned NOT NULL,
  `user_id` int(10) unsigned NOT NULL,
  `created_at` timestamp NULL DEFAULT NULL,
  `updated_at` timestamp NULL DEFAULT NULL,
  KEY `role_user_role_id_foreign` (`role_id`),
  KEY `role_user_user_id_foreign` (`user_id`),
  CONSTRAINT `role_user_role_id_foreign` FOREIGN KEY (`role_id`) REFERENCES `roles` (`id`) ON DELETE CASCADE,
  CONSTRAINT `role_user_user_id_foreign` FOREIGN KEY (`user_id`) REFERENCES `users` (`id`) ON DELETE CASCADE
) ENGINE=InnoDB DEFAULT CHARSET=utf8mb4 COLLATE=utf8mb4_unicode_ci;
/*!40101 SET character_set_client = @saved_cs_client */;

--
-- Dumping data for table `role_user`
--

LOCK TABLES `role_user` WRITE;
/*!40000 ALTER TABLE `role_user` DISABLE KEYS */;
INSERT INTO `role_user` VALUES (1,1,'2018-04-17 06:36:03','2018-04-17 06:36:03'),(1,2,'2018-04-17 06:36:03','2018-04-17 06:36:03');
/*!40000 ALTER TABLE `role_user` ENABLE KEYS */;
UNLOCK TABLES;

--
-- Table structure for table `roles`
--

DROP TABLE IF EXISTS `roles`;
/*!40101 SET @saved_cs_client     = @@character_set_client */;
/*!40101 SET character_set_client = utf8 */;
CREATE TABLE `roles` (
  `id` int(10) unsigned NOT NULL AUTO_INCREMENT,
  `name` varchar(191) COLLATE utf8mb4_unicode_ci NOT NULL,
  `created_at` timestamp NULL DEFAULT NULL,
  `updated_at` timestamp NULL DEFAULT NULL,
  PRIMARY KEY (`id`)
) ENGINE=InnoDB AUTO_INCREMENT=2 DEFAULT CHARSET=utf8mb4 COLLATE=utf8mb4_unicode_ci;
/*!40101 SET character_set_client = @saved_cs_client */;

--
-- Dumping data for table `roles`
--

LOCK TABLES `roles` WRITE;
/*!40000 ALTER TABLE `roles` DISABLE KEYS */;
INSERT INTO `roles` VALUES (1,'Developer','2018-04-17 06:36:03','2018-04-17 06:36:03');
/*!40000 ALTER TABLE `roles` ENABLE KEYS */;
UNLOCK TABLES;

--
-- Table structure for table `telecoms`
--

DROP TABLE IF EXISTS `telecoms`;
/*!40101 SET @saved_cs_client     = @@character_set_client */;
/*!40101 SET character_set_client = utf8 */;
CREATE TABLE `telecoms` (
  `id` int(10) unsigned NOT NULL AUTO_INCREMENT,
  `telecomable_id` varchar(191) COLLATE utf8mb4_unicode_ci NOT NULL,
  `telecomable_type` varchar(191) COLLATE utf8mb4_unicode_ci NOT NULL,
  `number` varchar(191) COLLATE utf8mb4_unicode_ci NOT NULL,
  `type` varchar(191) COLLATE utf8mb4_unicode_ci DEFAULT NULL,
  `created_at` timestamp NULL DEFAULT NULL,
  `updated_at` timestamp NULL DEFAULT NULL,
  PRIMARY KEY (`id`)
) ENGINE=InnoDB AUTO_INCREMENT=232 DEFAULT CHARSET=utf8mb4 COLLATE=utf8mb4_unicode_ci;
/*!40101 SET character_set_client = @saved_cs_client */;

--
-- Dumping data for table `telecoms`
--

LOCK TABLES `telecoms` WRITE;
/*!40000 ALTER TABLE `telecoms` DISABLE KEYS */;
INSERT INTO `telecoms` VALUES (1,'1','App\\Customer','01009303698',NULL,'2018-04-17 06:36:24','2018-04-17 06:36:24'),(2,'2','App\\Customer','35865240',NULL,'2018-04-17 06:36:25','2018-04-17 06:36:25'),(3,'7','App\\Customer','01120060446',NULL,'2018-04-17 06:36:27','2018-04-17 06:36:27'),(4,'8','App\\Customer','01120060446',NULL,'2018-04-17 06:36:27','2018-04-17 06:36:27'),(5,'9','App\\Customer','27352845',NULL,'2018-04-17 06:36:28','2018-04-17 06:36:28'),(6,'10','App\\Customer','01119920271',NULL,'2018-04-17 06:36:28','2018-04-17 06:36:28'),(7,'10','App\\Customer','33833450',NULL,'2018-04-17 06:36:28','2018-04-17 06:36:28'),(8,'11','App\\Customer','33833450',NULL,'2018-04-17 06:36:28','2018-04-17 06:36:28'),(9,'12','App\\Customer','01223665680',NULL,'2018-04-17 06:36:29','2018-04-17 06:36:29'),(10,'12','App\\Customer','24237054',NULL,'2018-04-17 06:36:29','2018-04-17 06:36:29'),(11,'13','App\\Customer','01223665680',NULL,'2018-04-17 06:36:29','2018-04-17 06:36:29'),(12,'14','App\\Customer','01001034406',NULL,'2018-04-17 06:36:30','2018-04-17 06:36:30'),(13,'15','App\\Customer','01001013416',NULL,'2018-04-17 06:36:30','2018-04-17 06:36:30'),(14,'16','App\\Customer','01003364569',NULL,'2018-04-17 06:36:31','2018-04-17 06:36:31'),(15,'17','App\\Customer','01002642919',NULL,'2018-04-17 06:36:32','2018-04-17 06:36:32'),(16,'18','App\\Customer','01002115457',NULL,'2018-04-17 06:36:33','2018-04-17 06:36:33'),(17,'19','App\\Customer','25753465',NULL,'2018-04-17 06:36:33','2018-04-17 06:36:33'),(18,'20','App\\Customer','01199944481',NULL,'2018-04-17 06:36:34','2018-04-17 06:36:34'),(19,'20','App\\Customer','37990319',NULL,'2018-04-17 06:36:34','2018-04-17 06:36:34'),(20,'22','App\\Customer','01113398767',NULL,'2018-04-17 06:36:34','2018-04-17 06:36:34'),(21,'22','App\\Customer','25791143',NULL,'2018-04-17 06:36:34','2018-04-17 06:36:34'),(22,'23','App\\Customer','38330476',NULL,'2018-04-17 06:36:35','2018-04-17 06:36:35'),(23,'24','App\\Customer','37981754',NULL,'2018-04-17 06:36:35','2018-04-17 06:36:35'),(24,'25','App\\Customer','25766513',NULL,'2018-04-17 06:36:36','2018-04-17 06:36:36'),(25,'26','App\\Customer','012282228414',NULL,'2018-04-17 06:36:36','2018-04-17 06:36:36'),(26,'27','App\\Customer','01117307085',NULL,'2018-04-17 06:36:37','2018-04-17 06:36:37'),(27,'28','App\\Customer','38521692',NULL,'2018-04-17 06:36:37','2018-04-17 06:36:37'),(28,'29','App\\Customer','01227767552',NULL,'2018-04-17 06:36:38','2018-04-17 06:36:38'),(29,'29','App\\Customer','38473318',NULL,'2018-04-17 06:36:38','2018-04-17 06:36:38'),(30,'30','App\\Customer','01114744437',NULL,'2018-04-17 06:36:39','2018-04-17 06:36:39'),(31,'32','App\\Customer','01002115457',NULL,'2018-04-17 06:36:40','2018-04-17 06:36:40'),(32,'33','App\\Customer','01001000847',NULL,'2018-04-17 06:36:41','2018-04-17 06:36:41'),(33,'35','App\\Customer','24055452',NULL,'2018-04-17 06:36:42','2018-04-17 06:36:42'),(34,'36','App\\Customer','01282764637',NULL,'2018-04-17 06:36:43','2018-04-17 06:36:43'),(35,'36','App\\Customer','26839496',NULL,'2018-04-17 06:36:43','2018-04-17 06:36:43'),(36,'37','App\\Customer','1024648457',NULL,'2018-04-17 06:36:43','2018-04-17 06:36:43'),(37,'38','App\\Customer','01144768916',NULL,'2018-04-17 06:36:44','2018-04-17 06:36:44'),(38,'39','App\\Customer','01208856670',NULL,'2018-04-17 06:36:44','2018-04-17 06:36:44'),(39,'39','App\\Customer','33963123',NULL,'2018-04-17 06:36:44','2018-04-17 06:36:44'),(40,'40','App\\Customer','01203338817',NULL,'2018-04-17 06:36:45','2018-04-17 06:36:45'),(41,'41','App\\Customer','01116290195',NULL,'2018-04-17 06:36:46','2018-04-17 06:36:46'),(42,'42','App\\Customer','01001989404',NULL,'2018-04-17 06:36:46','2018-04-17 06:36:46'),(43,'43','App\\Customer','01001989404',NULL,'2018-04-17 06:36:46','2018-04-17 06:36:46'),(44,'44','App\\Customer','01006043394',NULL,'2018-04-17 06:36:47','2018-04-17 06:36:47'),(45,'45','App\\Customer','01006043394',NULL,'2018-04-17 06:36:47','2018-04-17 06:36:47'),(46,'46','App\\Customer','01003008206',NULL,'2018-04-17 06:36:48','2018-04-17 06:36:48'),(47,'47','App\\Customer','1007006855',NULL,'2018-04-17 06:36:48','2018-04-17 06:36:48'),(48,'48','App\\Customer','26184382',NULL,'2018-04-17 06:36:48','2018-04-17 06:36:48'),(49,'49','App\\Customer','01224668866',NULL,'2018-04-17 06:36:49','2018-04-17 06:36:49'),(50,'50','App\\Customer','داخي 10782',NULL,'2018-04-17 06:36:49','2018-04-17 06:36:49'),(51,'50','App\\Customer','24060417',NULL,'2018-04-17 06:36:49','2018-04-17 06:36:49'),(52,'51','App\\Customer','داخي 10782',NULL,'2018-04-17 06:36:50','2018-04-17 06:36:50'),(53,'51','App\\Customer','24060417',NULL,'2018-04-17 06:36:50','2018-04-17 06:36:50'),(54,'52','App\\Customer','01008787176',NULL,'2018-04-17 06:36:51','2018-04-17 06:36:51'),(55,'53','App\\Customer','01001286008',NULL,'2018-04-17 06:36:51','2018-04-17 06:36:51'),(56,'54','App\\Customer','01159596445',NULL,'2018-04-17 06:36:52','2018-04-17 06:36:52'),(57,'55','App\\Customer','01114109377',NULL,'2018-04-17 06:36:52','2018-04-17 06:36:52'),(58,'56','App\\Customer','01111092720',NULL,'2018-04-17 06:36:53','2018-04-17 06:36:53'),(59,'57','App\\Customer','01027143155',NULL,'2018-04-17 06:36:53','2018-04-17 06:36:53'),(60,'58','App\\Customer','01027143155',NULL,'2018-04-17 06:36:53','2018-04-17 06:36:53'),(61,'59','App\\Customer','01001379807',NULL,'2018-04-17 06:36:54','2018-04-17 06:36:54'),(62,'62','App\\Customer','01228143952',NULL,'2018-04-17 06:36:55','2018-04-17 06:36:55'),(63,'63','App\\Customer','01153233044',NULL,'2018-04-17 06:36:55','2018-04-17 06:36:55'),(64,'64','App\\Customer','01287277417',NULL,'2018-04-17 06:36:56','2018-04-17 06:36:56'),(65,'65','App\\Customer','01023300238',NULL,'2018-04-17 06:36:56','2018-04-17 06:36:56'),(66,'66','App\\Customer','01005146571',NULL,'2018-04-17 06:36:56','2018-04-17 06:36:56'),(67,'68','App\\Customer','01147076387',NULL,'2018-04-17 06:36:57','2018-04-17 06:36:57'),(68,'69','App\\Customer','01004686833',NULL,'2018-04-17 06:36:58','2018-04-17 06:36:58'),(69,'71','App\\Customer','01221855584',NULL,'2018-04-17 06:36:58','2018-04-17 06:36:58'),(70,'72','App\\Customer','01100448568',NULL,'2018-04-17 06:36:58','2018-04-17 06:36:58'),(71,'75','App\\Customer','01005548349',NULL,'2018-04-17 06:37:00','2018-04-17 06:37:00'),(72,'76','App\\Customer','01289132358',NULL,'2018-04-17 06:37:00','2018-04-17 06:37:00'),(73,'77','App\\Customer','01009037179',NULL,'2018-04-17 06:37:00','2018-04-17 06:37:00'),(74,'78','App\\Customer','01009917372',NULL,'2018-04-17 06:37:01','2018-04-17 06:37:01'),(75,'79','App\\Customer','01143180750',NULL,'2018-04-17 06:37:02','2018-04-17 06:37:02'),(76,'80','App\\Customer','01119033367',NULL,'2018-04-17 06:37:02','2018-04-17 06:37:02'),(77,'81','App\\Customer','01117286016',NULL,'2018-04-17 06:37:02','2018-04-17 06:37:02'),(78,'83','App\\Customer','27942605',NULL,'2018-04-17 06:37:03','2018-04-17 06:37:03'),(79,'84','App\\Customer','01003770916',NULL,'2018-04-17 06:37:03','2018-04-17 06:37:03'),(80,'85','App\\Customer','27946145',NULL,'2018-04-17 06:37:04','2018-04-17 06:37:04'),(81,'86','App\\Customer','27946145',NULL,'2018-04-17 06:37:05','2018-04-17 06:37:05'),(82,'87','App\\Customer','01009117555',NULL,'2018-04-17 06:37:05','2018-04-17 06:37:05'),(83,'87','App\\Customer','20803768',NULL,'2018-04-17 06:37:05','2018-04-17 06:37:05'),(84,'88','App\\Customer','20803768',NULL,'2018-04-17 06:37:05','2018-04-17 06:37:05'),(85,'89','App\\Customer','01229093314',NULL,'2018-04-17 06:37:06','2018-04-17 06:37:06'),(86,'90','App\\Customer','012223417854',NULL,'2018-04-17 06:37:06','2018-04-17 06:37:06'),(87,'91','App\\Customer','01066881877',NULL,'2018-04-17 06:37:06','2018-04-17 06:37:06'),(88,'91','App\\Customer','01093557781',NULL,'2018-04-17 06:37:07','2018-04-17 06:37:07'),(89,'91','App\\Customer','23918887',NULL,'2018-04-17 06:37:07','2018-04-17 06:37:07'),(90,'93','App\\Customer','01201423995',NULL,'2018-04-17 06:37:08','2018-04-17 06:37:08'),(91,'94','App\\Customer','01201423995',NULL,'2018-04-17 06:37:08','2018-04-17 06:37:08'),(92,'95','App\\Customer','01270811119',NULL,'2018-04-17 06:37:08','2018-04-17 06:37:08'),(93,'97','App\\Customer','01008632815',NULL,'2018-04-17 06:37:09','2018-04-17 06:37:09'),(94,'100','App\\Customer','01028879744',NULL,'2018-04-17 06:37:10','2018-04-17 06:37:10'),(95,'102','App\\Customer','01002480018',NULL,'2018-04-17 06:37:11','2018-04-17 06:37:11'),(96,'102','App\\Customer','24170061',NULL,'2018-04-17 06:37:11','2018-04-17 06:37:11'),(97,'107','App\\Customer','01226189939',NULL,'2018-04-17 06:37:12','2018-04-17 06:37:12'),(98,'108','App\\Customer','24692631',NULL,'2018-04-17 06:37:13','2018-04-17 06:37:13'),(99,'110','App\\Customer','01282536196',NULL,'2018-04-17 06:37:13','2018-04-17 06:37:13'),(100,'111','App\\Customer','01068844954',NULL,'2018-04-17 06:37:14','2018-04-17 06:37:14'),(101,'113','App\\Customer','01222360842',NULL,'2018-04-17 06:37:15','2018-04-17 06:37:15'),(102,'115','App\\Customer','01223319466',NULL,'2018-04-17 06:37:16','2018-04-17 06:37:16'),(103,'116','App\\Customer','01002785478',NULL,'2018-04-17 06:37:17','2018-04-17 06:37:17'),(104,'118','App\\Customer','25766400',NULL,'2018-04-17 06:37:17','2018-04-17 06:37:17'),(105,'119','App\\Customer','25760365',NULL,'2018-04-17 06:37:18','2018-04-17 06:37:18'),(106,'120','App\\Customer','25781704',NULL,'2018-04-17 06:37:18','2018-04-17 06:37:18'),(107,'121','App\\Customer','27739491',NULL,'2018-04-17 06:37:18','2018-04-17 06:37:18'),(108,'122','App\\Customer','010062500288',NULL,'2018-04-17 06:37:19','2018-04-17 06:37:19'),(109,'123','App\\Customer','010014001280',NULL,'2018-04-17 06:37:19','2018-04-17 06:37:19'),(110,'124','App\\Customer','25779869',NULL,'2018-04-17 06:37:19','2018-04-17 06:37:19'),(111,'125','App\\Customer','01113272414',NULL,'2018-04-17 06:37:20','2018-04-17 06:37:20'),(112,'125','App\\Customer','27739543',NULL,'2018-04-17 06:37:20','2018-04-17 06:37:20'),(113,'126','App\\Customer','01199944481',NULL,'2018-04-17 06:37:20','2018-04-17 06:37:20'),(114,'126','App\\Customer','27739599',NULL,'2018-04-17 06:37:20','2018-04-17 06:37:20'),(115,'127','App\\Customer','25769066',NULL,'2018-04-17 06:37:21','2018-04-17 06:37:21'),(116,'129','App\\Customer','25798215',NULL,'2018-04-17 06:37:21','2018-04-17 06:37:21'),(117,'130','App\\Customer','01227082973',NULL,'2018-04-17 06:37:22','2018-04-17 06:37:22'),(118,'131','App\\Customer','01129111177',NULL,'2018-04-17 06:37:22','2018-04-17 06:37:22'),(119,'132','App\\Customer','01228025429',NULL,'2018-04-17 06:37:23','2018-04-17 06:37:23'),(120,'132','App\\Customer','25760401',NULL,'2018-04-17 06:37:23','2018-04-17 06:37:23'),(121,'133','App\\Customer','01120166682',NULL,'2018-04-17 06:37:23','2018-04-17 06:37:23'),(122,'133','App\\Customer','25766400',NULL,'2018-04-17 06:37:23','2018-04-17 06:37:23'),(123,'134','App\\Customer','01121969795',NULL,'2018-04-17 06:37:24','2018-04-17 06:37:24'),(124,'135','App\\Customer','25740853',NULL,'2018-04-17 06:37:24','2018-04-17 06:37:24'),(125,'136','App\\Customer','01005845878',NULL,'2018-04-17 06:37:25','2018-04-17 06:37:25'),(126,'136','App\\Customer','25756103',NULL,'2018-04-17 06:37:25','2018-04-17 06:37:25'),(127,'137','App\\Customer','25756474',NULL,'2018-04-17 06:37:25','2018-04-17 06:37:25'),(128,'138','App\\Customer','01005596806',NULL,'2018-04-17 06:37:25','2018-04-17 06:37:25'),(129,'138','App\\Customer','25786251',NULL,'2018-04-17 06:37:25','2018-04-17 06:37:25'),(130,'139','App\\Customer','26980206',NULL,'2018-04-17 06:37:26','2018-04-17 06:37:26'),(131,'140','App\\Customer','01112095710',NULL,'2018-04-17 06:37:26','2018-04-17 06:37:26'),(132,'141','App\\Customer','01225535806',NULL,'2018-04-17 06:37:27','2018-04-17 06:37:27'),(133,'142','App\\Customer','01225535806',NULL,'2018-04-17 06:37:27','2018-04-17 06:37:27'),(134,'143','App\\Customer','01002879319',NULL,'2018-04-17 06:37:27','2018-04-17 06:37:27'),(135,'144','App\\Customer','01001669603',NULL,'2018-04-17 06:37:28','2018-04-17 06:37:28'),(136,'145','App\\Customer','011157394411',NULL,'2018-04-17 06:37:28','2018-04-17 06:37:28'),(137,'146','App\\Customer','01228345187',NULL,'2018-04-17 06:37:28','2018-04-17 06:37:28'),(138,'147','App\\Customer','01115766023',NULL,'2018-04-17 06:37:29','2018-04-17 06:37:29'),(139,'148','App\\Customer','01126172729',NULL,'2018-04-17 06:37:29','2018-04-17 06:37:29'),(140,'149','App\\Customer','01289708812',NULL,'2018-04-17 06:37:29','2018-04-17 06:37:29'),(141,'150','App\\Customer','01122804040',NULL,'2018-04-17 06:37:30','2018-04-17 06:37:30'),(142,'150','App\\Customer','0554400004',NULL,'2018-04-17 06:37:30','2018-04-17 06:37:30'),(143,'151','App\\Customer','01128882437',NULL,'2018-04-17 06:37:30','2018-04-17 06:37:30'),(144,'151','App\\Customer','38724445',NULL,'2018-04-17 06:37:30','2018-04-17 06:37:30'),(145,'152','App\\Customer','01000964457',NULL,'2018-04-17 06:37:31','2018-04-17 06:37:31'),(146,'153','App\\Customer','01009498956',NULL,'2018-04-17 06:37:31','2018-04-17 06:37:31'),(147,'155','App\\Customer','26350787',NULL,'2018-04-17 06:37:32','2018-04-17 06:37:32'),(148,'157','App\\Customer','01223937772',NULL,'2018-04-17 06:37:33','2018-04-17 06:37:33'),(149,'157','App\\Customer','35720061',NULL,'2018-04-17 06:37:33','2018-04-17 06:37:33'),(150,'158','App\\Customer','01005845583',NULL,'2018-04-17 06:37:33','2018-04-17 06:37:33'),(151,'160','App\\Customer','01147168046',NULL,'2018-04-17 06:37:34','2018-04-17 06:37:34'),(152,'161','App\\Customer','01111144354',NULL,'2018-04-17 06:37:35','2018-04-17 06:37:35'),(153,'162','App\\Customer','01111144354',NULL,'2018-04-17 06:37:35','2018-04-17 06:37:35'),(154,'163','App\\Customer','01111144354',NULL,'2018-04-17 06:37:36','2018-04-17 06:37:36'),(155,'164','App\\Customer','01001377334',NULL,'2018-04-17 06:37:36','2018-04-17 06:37:36'),(156,'170','App\\Customer','01001026293',NULL,'2018-04-17 06:37:38','2018-04-17 06:37:38'),(157,'170','App\\Customer','44740354',NULL,'2018-04-17 06:37:38','2018-04-17 06:37:38'),(158,'171','App\\Customer','01001026293',NULL,'2018-04-17 06:37:39','2018-04-17 06:37:39'),(159,'171','App\\Customer','44740354',NULL,'2018-04-17 06:37:39','2018-04-17 06:37:39'),(160,'172','App\\Customer','27933069',NULL,'2018-04-17 06:37:39','2018-04-17 06:37:39'),(161,'173','App\\Customer','01003075476',NULL,'2018-04-17 06:37:39','2018-04-17 06:37:39'),(162,'174','App\\Customer','010027199463',NULL,'2018-04-17 06:37:40','2018-04-17 06:37:40'),(163,'175','App\\Customer','010027199463',NULL,'2018-04-17 06:37:40','2018-04-17 06:37:40'),(164,'176','App\\Customer','010027199463',NULL,'2018-04-17 06:37:41','2018-04-17 06:37:41'),(165,'177','App\\Customer','010067217643',NULL,'2018-04-17 06:37:41','2018-04-17 06:37:41'),(166,'180','App\\Customer','01144684841',NULL,'2018-04-17 06:37:43','2018-04-17 06:37:43'),(167,'181','App\\Customer','01144684841',NULL,'2018-04-17 06:37:43','2018-04-17 06:37:43'),(168,'183','App\\Customer','3335735',NULL,'2018-04-17 06:37:44','2018-04-17 06:37:44'),(169,'184','App\\Customer','33307169',NULL,'2018-04-17 06:37:44','2018-04-17 06:37:44'),(170,'185','App\\Customer','37605537',NULL,'2018-04-17 06:37:45','2018-04-17 06:37:45'),(171,'186','App\\Customer','01283598820',NULL,'2018-04-17 06:37:45','2018-04-17 06:37:45'),(172,'187','App\\Customer','01283598820',NULL,'2018-04-17 06:37:45','2018-04-17 06:37:45'),(173,'188','App\\Customer','01283598820',NULL,'2018-04-17 06:37:46','2018-04-17 06:37:46'),(174,'190','App\\Customer','01223460871',NULL,'2018-04-17 06:37:46','2018-04-17 06:37:46'),(175,'191','App\\Customer','623193319',NULL,'2018-04-17 06:37:47','2018-04-17 06:37:47'),(176,'198','App\\Customer','38760824',NULL,'2018-04-17 06:37:50','2018-04-17 06:37:50'),(177,'199','App\\Customer','01201550992',NULL,'2018-04-17 06:37:50','2018-04-17 06:37:50'),(178,'200','App\\Customer','01003028937',NULL,'2018-04-17 06:37:50','2018-04-17 06:37:50'),(179,'204','App\\Customer','01005189131',NULL,'2018-04-17 06:37:52','2018-04-17 06:37:52'),(180,'205','App\\Customer','01004300698',NULL,'2018-04-17 06:37:52','2018-04-17 06:37:52'),(181,'205','App\\Customer','963348729',NULL,'2018-04-17 06:37:52','2018-04-17 06:37:52'),(182,'207','App\\Customer','01020421549',NULL,'2018-04-17 06:37:53','2018-04-17 06:37:53'),(183,'208','App\\Customer','01207123452',NULL,'2018-04-17 06:37:53','2018-04-17 06:37:53'),(184,'208','App\\Customer','24582179',NULL,'2018-04-17 06:37:53','2018-04-17 06:37:53'),(185,'209','App\\Customer','1221469067',NULL,'2018-04-17 06:37:54','2018-04-17 06:37:54'),(186,'210','App\\Customer','01006512504',NULL,'2018-04-17 06:37:54','2018-04-17 06:37:54'),(187,'211','App\\Customer','01001818456',NULL,'2018-04-17 06:37:54','2018-04-17 06:37:54'),(188,'212','App\\Customer','24319357',NULL,'2018-04-17 06:37:55','2018-04-17 06:37:55'),(189,'213','App\\Customer','01006350704',NULL,'2018-04-17 06:37:55','2018-04-17 06:37:55'),(190,'213','App\\Customer','22023841',NULL,'2018-04-17 06:37:55','2018-04-17 06:37:55'),(191,'214','App\\Customer','01280147925',NULL,'2018-04-17 06:37:56','2018-04-17 06:37:56'),(192,'214','App\\Customer','22018303',NULL,'2018-04-17 06:37:56','2018-04-17 06:37:56'),(193,'215','App\\Customer','01127533369',NULL,'2018-04-17 06:37:56','2018-04-17 06:37:56'),(194,'218','App\\Customer','01118371686',NULL,'2018-04-17 06:37:57','2018-04-17 06:37:57'),(195,'219','App\\Customer','25590865',NULL,'2018-04-17 06:37:58','2018-04-17 06:37:58'),(196,'221','App\\Customer','27043306',NULL,'2018-04-17 06:37:58','2018-04-17 06:37:58'),(197,'222','App\\Customer','23594941',NULL,'2018-04-17 06:37:59','2018-04-17 06:37:59'),(198,'223','App\\Customer','23594941',NULL,'2018-04-17 06:37:59','2018-04-17 06:37:59'),(199,'224','App\\Customer','01122203023',NULL,'2018-04-17 06:37:59','2018-04-17 06:37:59'),(200,'225','App\\Customer','255295100',NULL,'2018-04-17 06:38:00','2018-04-17 06:38:00'),(201,'226','App\\Customer','01017577047',NULL,'2018-04-17 06:38:00','2018-04-17 06:38:00'),(202,'227','App\\Customer','01002348385',NULL,'2018-04-17 06:38:00','2018-04-17 06:38:00'),(203,'228','App\\Customer','01002348385',NULL,'2018-04-17 06:38:01','2018-04-17 06:38:01'),(204,'229','App\\Customer','01067559217',NULL,'2018-04-17 06:38:02','2018-04-17 06:38:02'),(205,'230','App\\Customer','01144714628',NULL,'2018-04-17 06:38:02','2018-04-17 06:38:02'),(206,'231','App\\Customer','01003591944',NULL,'2018-04-17 06:38:02','2018-04-17 06:38:02'),(207,'235','App\\Customer','01272062526',NULL,'2018-04-17 06:38:04','2018-04-17 06:38:04'),(208,'236','App\\Customer','01148813451',NULL,'2018-04-17 06:38:04','2018-04-17 06:38:04'),(209,'237','App\\Customer','01140522506',NULL,'2018-04-17 06:38:04','2018-04-17 06:38:04'),(210,'238','App\\Customer','01111246578',NULL,'2018-04-17 06:38:05','2018-04-17 06:38:05'),(211,'239','App\\Customer','01005694428',NULL,'2018-04-17 06:38:05','2018-04-17 06:38:05'),(212,'241','App\\Customer','01140676161',NULL,'2018-04-17 06:38:06','2018-04-17 06:38:06'),(213,'241','App\\Customer','25529502',NULL,'2018-04-17 06:38:06','2018-04-17 06:38:06'),(214,'242','App\\Customer','01111943742',NULL,'2018-04-17 06:38:06','2018-04-17 06:38:06'),(215,'242','App\\Customer','27110183',NULL,'2018-04-17 06:38:06','2018-04-17 06:38:06'),(216,'243','App\\Customer','01158944555',NULL,'2018-04-17 06:38:07','2018-04-17 06:38:07'),(217,'245','App\\Customer','01199944481',NULL,'2018-04-17 06:38:08','2018-04-17 06:38:08'),(218,'246','App\\Customer','22635917',NULL,'2018-04-17 06:38:08','2018-04-17 06:38:08'),(219,'247','App\\Customer','22635932',NULL,'2018-04-17 06:38:08','2018-04-17 06:38:08'),(220,'247','App\\Customer','22635917',NULL,'2018-04-17 06:38:08','2018-04-17 06:38:08'),(221,'248','App\\Customer','22635932',NULL,'2018-04-17 06:38:09','2018-04-17 06:38:09'),(222,'248','App\\Customer','22635917',NULL,'2018-04-17 06:38:09','2018-04-17 06:38:09'),(223,'249','App\\Customer','01156666201',NULL,'2018-04-17 06:38:09','2018-04-17 06:38:09'),(224,'249','App\\Customer','28450253',NULL,'2018-04-17 06:38:09','2018-04-17 06:38:09'),(225,'250','App\\Customer','2274903',NULL,'2018-04-17 06:38:10','2018-04-17 06:38:10'),(226,'251','App\\Customer','01002145424',NULL,'2018-04-17 06:38:10','2018-04-17 06:38:10'),(227,'252','App\\Customer','01002145424',NULL,'2018-04-17 06:38:10','2018-04-17 06:38:10'),(228,'253','App\\Customer','01069732241',NULL,'2018-04-17 06:38:11','2018-04-17 06:38:11'),(229,'254','App\\Customer','01006554284',NULL,'2018-04-17 06:38:12','2018-04-17 06:38:12'),(230,'255','App\\Customer','01002473441',NULL,'2018-04-17 06:38:12','2018-04-17 06:38:12'),(231,'256','App\\Customer','01002473441',NULL,'2018-04-17 06:38:13','2018-04-17 06:38:13');
/*!40000 ALTER TABLE `telecoms` ENABLE KEYS */;
UNLOCK TABLES;

--
-- Table structure for table `users`
--

DROP TABLE IF EXISTS `users`;
/*!40101 SET @saved_cs_client     = @@character_set_client */;
/*!40101 SET character_set_client = utf8 */;
CREATE TABLE `users` (
  `id` int(10) unsigned NOT NULL AUTO_INCREMENT,
  `name` varchar(191) COLLATE utf8mb4_unicode_ci NOT NULL,
  `email` varchar(191) COLLATE utf8mb4_unicode_ci NOT NULL,
  `password` varchar(191) COLLATE utf8mb4_unicode_ci NOT NULL,
  `remember_token` varchar(100) COLLATE utf8mb4_unicode_ci DEFAULT NULL,
  `created_at` timestamp NULL DEFAULT NULL,
  `updated_at` timestamp NULL DEFAULT NULL,
  PRIMARY KEY (`id`),
  UNIQUE KEY `users_email_unique` (`email`)
) ENGINE=InnoDB AUTO_INCREMENT=27 DEFAULT CHARSET=utf8mb4 COLLATE=utf8mb4_unicode_ci;
/*!40101 SET character_set_client = @saved_cs_client */;

--
-- Dumping data for table `users`
--

LOCK TABLES `users` WRITE;
/*!40000 ALTER TABLE `users` DISABLE KEYS */;
INSERT INTO `users` VALUES (1,'Mohammed Ibrahim Fawzy','mohibrahimqop@gmail.com','$2y$10$.UijF13gZZpXCjyRcY1J1OKcXJStsepph6SNkg3vU/koo4E7w1rZO',NULL,'2018-04-17 06:36:02','2018-04-17 06:36:02'),(2,'John Sameh','j.sameh@infomed-me.com','$2y$10$.TDjwMgAHHf1oNWDWv/VzOrvOgF3.AIf.SQSDocBkSTg1zDVulGMi',NULL,'2018-04-17 06:36:02','2018-04-17 06:36:02'),(3,'ابراهيم متولي','abrahym-mtoly@aoe-system.com','FoRMd2Tx',NULL,'2018-04-17 06:36:24','2018-04-17 06:36:24'),(4,'اشرف خلف الله','ashrf-khlf-allh@aoe-system.com','A804V4qg',NULL,'2018-04-17 06:36:29','2018-04-17 06:36:29'),(5,'امجد فؤاد','amjd-foead@aoe-system.com','2gxN30zF',NULL,'2018-04-17 06:36:40','2018-04-17 06:36:40'),(6,'ايمن عبد اللطيف','aymn-aabd-alltyf@aoe-system.com','3wfcMeR5',NULL,'2018-04-17 06:36:47','2018-04-17 06:36:47'),(7,'توماس  بشري','tomas-bshry@aoe-system.com','GgEmkJsZ',NULL,'2018-04-17 06:36:50','2018-04-17 06:36:50'),(8,'جمال محمد','jmal-mhmd@aoe-system.com','vuO4GcRy',NULL,'2018-04-17 06:37:02','2018-04-17 06:37:02'),(9,'حلمى كمال','hlm-kmal@aoe-system.com','OStoEwn3',NULL,'2018-04-17 06:37:05','2018-04-17 06:37:05'),(10,'زكريا لطيف','zkrya-ltyf@aoe-system.com','euwFW0U8',NULL,'2018-04-17 06:37:11','2018-04-17 06:37:11'),(11,'عبد المجيد','aabd-almjyd@aoe-system.com','earUmkQN',NULL,'2018-04-17 06:37:13','2018-04-17 06:37:13'),(12,'عزيز رياض','aazyz-ryad@aoe-system.com','1SrndNaX',NULL,'2018-04-17 06:37:16','2018-04-17 06:37:16'),(13,'ماجد رمزى','majd-rmz@aoe-system.com','CBil7pAi',NULL,'2018-04-17 06:37:26','2018-04-17 06:37:26'),(14,'مأموريات','mamoryat@aoe-system.com','57RAmsUz',NULL,'2018-04-17 06:37:30','2018-04-17 06:37:30'),(15,'محمد تحسين','mhmd-thsyn@aoe-system.com','5IIDtJVp',NULL,'2018-04-17 06:37:31','2018-04-17 06:37:31'),(16,'محمود خلف','mhmod-khlf@aoe-system.com','CCeQJnbC',NULL,'2018-04-17 06:37:40','2018-04-17 06:37:40'),(17,'موزع اسكندرية','mozaa-askndry@aoe-system.com','RYMX0jga',NULL,'2018-04-17 06:37:45','2018-04-17 06:37:45'),(18,'موزع السويس','mozaa-alsoys@aoe-system.com','feSurSLF',NULL,'2018-04-17 06:37:46','2018-04-17 06:37:46'),(19,'موزع الفيوم','mozaa-alfyom@aoe-system.com','aKtUtyb0',NULL,'2018-04-17 06:37:47','2018-04-17 06:37:47'),(20,'موزع المنصورة','mozaa-almnsor@aoe-system.com','6U3pzEcC',NULL,'2018-04-17 06:37:47','2018-04-17 06:37:47'),(21,'موزع بنها','mozaa-bnha@aoe-system.com','b8JjpBHS',NULL,'2018-04-17 06:37:49','2018-04-17 06:37:49'),(22,'موزع سوهاج','mozaa-sohaj@aoe-system.com','jQIMmPij',NULL,'2018-04-17 06:37:51','2018-04-17 06:37:51'),(23,'موزع قنا','mozaa-kna@aoe-system.com','mUmQJT4G',NULL,'2018-04-17 06:37:52','2018-04-17 06:37:52'),(24,'نبيل شوكت','nbyl-shokt@aoe-system.com','W0pljAEI',NULL,'2018-04-17 06:37:53','2018-04-17 06:37:53'),(25,'نبيل وديد','nbyl-odyd@aoe-system.com','8DSO3LC1',NULL,'2018-04-17 06:37:56','2018-04-17 06:37:56'),(26,'نصر سيد','nsr-syd@aoe-system.com','buNj3PqD',NULL,'2018-04-17 06:38:07','2018-04-17 06:38:07');
/*!40000 ALTER TABLE `users` ENABLE KEYS */;
UNLOCK TABLES;

--
-- Table structure for table `visits`
--

DROP TABLE IF EXISTS `visits`;
/*!40101 SET @saved_cs_client     = @@character_set_client */;
/*!40101 SET character_set_client = utf8 */;
CREATE TABLE `visits` (
  `id` int(10) unsigned NOT NULL AUTO_INCREMENT,
  `type` varchar(191) COLLATE utf8mb4_unicode_ci DEFAULT NULL,
  `visit_date` datetime NOT NULL,
  `representative_customer_name` varchar(191) COLLATE utf8mb4_unicode_ci DEFAULT NULL,
  `readings_of_printing_machine` bigint(20) DEFAULT NULL,
  `comments` text COLLATE utf8mb4_unicode_ci,
  `created_at` timestamp NULL DEFAULT NULL,
  `updated_at` timestamp NULL DEFAULT NULL,
  `printing_machine_id` int(10) unsigned NOT NULL,
  `follow_up_card_id` int(10) unsigned DEFAULT NULL,
  `the_employee_who_made_the_visit_id` int(10) unsigned DEFAULT NULL,
  `reference_id` int(10) unsigned DEFAULT NULL,
  PRIMARY KEY (`id`),
  KEY `visits_printing_machine_id_foreign` (`printing_machine_id`),
  KEY `visits_follow_up_card_id_foreign` (`follow_up_card_id`),
  KEY `visits_the_employee_who_made_the_visit_id_foreign` (`the_employee_who_made_the_visit_id`),
  KEY `visits_reference_id_foreign` (`reference_id`),
  CONSTRAINT `visits_follow_up_card_id_foreign` FOREIGN KEY (`follow_up_card_id`) REFERENCES `follow_up_cards` (`id`) ON DELETE SET NULL,
  CONSTRAINT `visits_printing_machine_id_foreign` FOREIGN KEY (`printing_machine_id`) REFERENCES `printing_machines` (`id`) ON DELETE CASCADE,
  CONSTRAINT `visits_reference_id_foreign` FOREIGN KEY (`reference_id`) REFERENCES `references` (`id`) ON DELETE SET NULL,
  CONSTRAINT `visits_the_employee_who_made_the_visit_id_foreign` FOREIGN KEY (`the_employee_who_made_the_visit_id`) REFERENCES `employees` (`id`) ON DELETE SET NULL
) ENGINE=InnoDB DEFAULT CHARSET=utf8mb4 COLLATE=utf8mb4_unicode_ci;
/*!40101 SET character_set_client = @saved_cs_client */;

--
-- Dumping data for table `visits`
--

LOCK TABLES `visits` WRITE;
/*!40000 ALTER TABLE `visits` DISABLE KEYS */;
/*!40000 ALTER TABLE `visits` ENABLE KEYS */;
UNLOCK TABLES;
/*!40103 SET TIME_ZONE=@OLD_TIME_ZONE */;

/*!40101 SET SQL_MODE=@OLD_SQL_MODE */;
/*!40014 SET FOREIGN_KEY_CHECKS=@OLD_FOREIGN_KEY_CHECKS */;
/*!40014 SET UNIQUE_CHECKS=@OLD_UNIQUE_CHECKS */;
/*!40101 SET CHARACTER_SET_CLIENT=@OLD_CHARACTER_SET_CLIENT */;
/*!40101 SET CHARACTER_SET_RESULTS=@OLD_CHARACTER_SET_RESULTS */;
/*!40101 SET COLLATION_CONNECTION=@OLD_COLLATION_CONNECTION */;
/*!40111 SET SQL_NOTES=@OLD_SQL_NOTES */;

-- Dump completed on 2018-04-17  9:37:48
